,Colegio,Distrito,Latitud,Longitud,2012-2013,2013-2014,2014-2015,2015-2016,2016-2017,2012-2013 Admitidas,2012-2013 Presentadas,2013-2014 Admitidas,2013-2014 Presentadas,2014-2015 Admitidas,2014-2015 Presentadas,2015-2016 Admitidas,2015-2016 Presentadas,2016-2017 Admitidas,2016-2017 Presentadas
0,Adolfo Suárez,HORTALEZA,40.4886026666,-3.65255442433,510.0,540.0,535.0,532.0,594.0,14.0,20.0,11.0,25.0,7.0,25.0,9.0,20.0,11.0,18.0
1,Agustina Díez,PUENTE DE VALLECAS,40.3881909372,-3.64723672492,276.0,256.0,265.0,255.0,234.0,8.0,12.0,3.0,3.0,6.0,6.0,3.0,3.0,3.0,3.0
2,Agustín Rodriguez Sahagún,VILLA DE VALLECAS,40.3680399849,-3.62216774288,449.0,551.0,576.0,572.0,541.0,9.0,32.0,5.0,23.0,10.0,33.0,1.0,33.0,0.0,51.0
3,Alberto Alcocer,SAN BLAS-CANILLEJAS,40.4333378228,-3.6120521749,367.0,358.0,334.0,330.0,309.0,12.0,18.0,5.0,15.0,8.0,12.0,5.0,8.0,3.0,9.0
4,Alcalde de Móstoles,LATINA,40.3798369029,-3.77644792993,128.0,123.0,137.0,138.0,141.0,6.0,6.0,7.0,7.0,3.0,4.0,2.0,4.0,1.0,4.0
5,Alfonso X El Sabio,VICALVARO,40.4032013845,-3.6036948781,290.0,279.0,261.0,272.0,251.0,11.0,14.0,6.0,6.0,5.0,7.0,4.0,4.0,4.0,8.0
6,Alhambra,FUENCARRAL-EL PARDO,40.4834934873,-3.72671832796,233.0,248.0,260.0,271.0,260.0,3.0,4.0,13.0,13.0,7.0,7.0,6.0,11.0,4.0,5.0
7,Amadeo Vives,LATINA,40.3974359377,-3.75539252914,280.0,265.0,266.0,269.0,268.0,3.0,3.0,2.0,2.0,3.0,5.0,3.0,5.0,7.0,8.0
8,Amador de los Ríos,SALAMANCA,40.4262796292,-3.66655782639,195.0,186.0,186.0,191.0,208.0,10.0,10.0,15.0,16.0,6.0,8.0,7.0,8.0,3.0,4.0
9,Amós Acero,PUENTE DE VALLECAS,40.3902233323,-3.66377503466,140.0,144.0,142.0,150.0,145.0,19.0,24.0,29.0,31.0,21.0,25.0,15.0,21.0,27.0,30.0
10,Antonio Fontan,FUENCARRAL-EL PARDO,40.5115782907,-3.69381806927,0.0,36.0,108.0,184.0,265.0,,,2.0,2.0,12.0,12.0,6.0,9.0,8.0,20.0
11,Antonio Machado,CARABANCHEL,40.3674254868,-3.75419755204,398.0,399.0,402.0,381.0,374.0,11.0,12.0,6.0,6.0,9.0,12.0,1.0,3.0,5.0,6.0
12,Antonio Moreno Rosales,CENTRO,40.4114705985,-3.70127479953,106.0,93.0,96.0,91.0,98.0,1.0,1.0,1.0,1.0,3.0,3.0,1.0,1.0,1.0,1.0
13,Antonio de Nebrija,VILLAVERDE,40.3518668309,-3.68618470745,432.0,404.0,420.0,424.0,437.0,13.0,13.0,5.0,5.0,6.0,10.0,0.0,6.0,6.0,11.0
14,Aragón,PUENTE DE VALLECAS,40.3924439301,-3.63737994091,125.0,117.0,112.0,110.0,111.0,,,1.0,1.0,7.0,7.0,0.0,0.0,5.0,5.0
15,Aravaca,MONCLOA-ARAVACA,40.4605761984,-3.78570374621,107.0,107.0,107.0,107.0,107.0,6.0,7.0,6.0,6.0,6.0,6.0,5.0,5.0,2.0,2.0
16,Arcipreste de Hita,CARABANCHEL,40.3848159912,-3.72557425211,140.0,142.0,138.0,139.0,145.0,1.0,9.0,2.0,4.0,4.0,9.0,5.0,7.0,3.0,9.0
17,Arquitecto Gaudí,CHAMARTIN,40.465418281,-3.66906777282,220.0,209.0,202.0,210.0,213.0,15.0,15.0,9.0,9.0,6.0,6.0,17.0,17.0,19.0,22.0
18,Asturias,PUENTE DE VALLECAS,40.3831086034,-3.64260522525,253.0,249.0,262.0,279.0,271.0,11.0,12.0,8.0,9.0,9.0,9.0,1.0,1.0,4.0,9.0
19,Asunción Rincón,CHAMBERI,40.4399159612,-3.71096772599,302.0,299.0,287.0,280.0,277.0,6.0,10.0,6.0,12.0,6.0,9.0,6.0,13.0,3.0,6.0
20,Ausias March,VILLAVERDE,40.3443934612,-3.67474671423,71.0,139.0,228.0,305.0,391.0,,,5.0,5.0,5.0,7.0,0.0,8.0,2.0,14.0
21,Azorín,VILLAVERDE,40.3429068882,-3.68700051544,155.0,148.0,158.0,151.0,143.0,1.0,4.0,8.0,10.0,2.0,4.0,2.0,5.0,1.0,2.0
22,Barcelona,VILLAVERDE,40.358410237,-3.696273094,281.0,255.0,287.0,285.0,311.0,8.0,8.0,7.0,7.0,10.0,11.0,6.0,15.0,0.0,7.0
23,Blas de Lezo,FUENCARRAL-EL PARDO,40.509734261,-3.6704522713,,,,,,,,,,,,,,,
24,Blas de Otero,VILLA DE VALLECAS,40.3812477378,-3.61196925642,341.0,325.0,336.0,353.0,364.0,2.0,7.0,3.0,8.0,5.0,5.0,4.0,5.0,4.0,7.0
25,Bolivia,LATINA,40.4076340722,-3.74987314286,137.0,128.0,117.0,133.0,133.0,2.0,3.0,3.0,3.0,8.0,8.0,0.0,0.0,7.0,9.0
26,Bravo Murillo,FUENCARRAL-EL PARDO,40.4805389015,-3.71801486152,127.0,96.0,108.0,113.0,132.0,2.0,2.0,4.0,4.0,12.0,12.0,8.0,8.0,12.0,12.0
27,Breogán,FUENCARRAL-EL PARDO,40.4754095229,-3.70242329481,291.0,284.0,296.0,280.0,281.0,13.0,18.0,9.0,13.0,16.0,27.0,6.0,8.0,3.0,10.0
28,Calderón de la Barca,BARAJAS,40.470708109,-3.58402092685,264.0,263.0,267.0,284.0,293.0,1.0,1.0,10.0,10.0,11.0,14.0,7.0,12.0,5.0,8.0
29,Camilo José Cela,FUENCARRAL-EL PARDO,40.4775644016,-3.70065251973,258.0,258.0,279.0,278.0,291.0,14.0,15.0,6.0,10.0,5.0,6.0,6.0,10.0,6.0,10.0
30,Capitán Cortés,CARABANCHEL,40.3809134774,-3.74285000113,294.0,298.0,306.0,307.0,289.0,10.0,11.0,2.0,13.0,6.0,14.0,3.0,16.0,3.0,26.0
31,Cardenal Herrera Oria,FUENCARRAL-EL PARDO,40.4826088139,-3.7110758224,444.0,427.0,432.0,432.0,425.0,31.0,36.0,21.0,26.0,15.0,26.0,1.0,11.0,3.0,11.0
32,Carlos Sáinz de los Terreros,PUENTE DE VALLECAS,40.3848131304,-3.6390280932,270.0,277.0,269.0,268.0,268.0,7.0,10.0,13.0,13.0,11.0,13.0,3.0,3.0,4.0,6.0
33,Carlos V,CIUDAD LINEAL,40.4372409871,-3.65440389423,227.0,214.0,236.0,241.0,254.0,10.0,10.0,5.0,5.0,6.0,6.0,1.0,1.0,9.0,9.0
34,Carmen Cabezuelo,SAN BLAS-CANILLEJAS,40.4301126077,-3.62883450607,127.0,138.0,157.0,154.0,149.0,5.0,8.0,8.0,8.0,12.0,12.0,3.0,9.0,0.0,1.0
35,Carmen Laforet,VICALVARO,40.4006763197,-3.5989822135,0.0,83.0,207.0,301.0,393.0,,,2.0,2.0,2.0,7.0,0.0,8.0,0.0,13.0
36,Cervantes,CHAMBERI,40.4466126402,-3.70311394849,129.0,141.0,143.0,152.0,146.0,6.0,6.0,9.0,9.0,9.0,9.0,6.0,6.0,7.0,7.0
37,Ciudad Pegaso,SAN BLAS-CANILLEJAS,40.447240094,-3.59802748849,300.0,291.0,295.0,298.0,296.0,0.0,10.0,4.0,6.0,1.0,9.0,1.0,4.0,1.0,5.0
38,Ciudad de Badajoz,LATINA,40.383982611,-3.77889889809,112.0,109.0,127.0,133.0,140.0,1.0,1.0,6.0,6.0,2.0,2.0,0.0,2.0,,
39,Ciudad de Córdoba,VILLAVERDE,40.3625193482,-3.69761089632,265.0,283.0,268.0,270.0,271.0,9.0,12.0,8.0,10.0,3.0,5.0,5.0,7.0,0.0,8.0
40,Ciudad de Guadalajara,BARAJAS,40.4589474631,-3.58479185547,320.0,329.0,337.0,362.0,345.0,3.0,15.0,6.0,15.0,5.0,13.0,5.0,30.0,0.0,13.0
41,Ciudad de Jaén,USERA,40.3725784823,-3.70126017556,441.0,430.0,427.0,431.0,416.0,6.0,13.0,12.0,15.0,11.0,17.0,5.0,14.0,3.0,14.0
42,Ciudad de Roma,RETIRO,40.4158639493,-3.66520562619,354.0,328.0,361.0,358.0,359.0,7.0,11.0,4.0,6.0,0.0,5.0,3.0,11.0,0.0,12.0
43,Ciudad de Valencia,VILLA DE VALLECAS,40.3852605362,-3.60440650397,630.0,644.0,657.0,624.0,632.0,8.0,21.0,3.0,10.0,12.0,17.0,7.0,9.0,6.0,12.0
44,Ciudad de Zaragoza,BARAJAS,40.4603021513,-3.59121986967,640.0,644.0,657.0,646.0,638.0,13.0,26.0,11.0,13.0,13.0,25.0,8.0,20.0,6.0,27.0
45,Ciudad de los Ángeles,VILLAVERDE,40.3556455956,-3.69607978656,616.0,621.0,601.0,599.0,596.0,12.0,23.0,7.0,23.0,10.0,23.0,10.0,25.0,2.0,15.0
46,Claudio Moyano,CHAMBERI,40.4389650923,-3.70883535886,131.0,129.0,146.0,140.0,146.0,7.0,7.0,5.0,6.0,7.0,7.0,0.0,1.0,1.0,1.0
47,Complejo Escolar Príncipe Felipe,FUENCARRAL-EL PARDO,40.4802198707,-3.7010104733,188.0,201.0,206.0,204.0,198.0,8.0,12.0,3.0,14.0,18.0,50.0,8.0,48.0,24.0,42.0
48,Concha Espina,PUENTE DE VALLECAS,40.3857768278,-3.64395011918,179.0,169.0,153.0,143.0,153.0,0.0,1.0,2.0,2.0,3.0,3.0,2.0,5.0,2.0,2.0
49,Conde de Romanones,CIUDAD LINEAL,40.4374798611,-3.64233263817,183.0,180.0,174.0,167.0,179.0,7.0,7.0,14.0,14.0,8.0,8.0,2.0,4.0,1.0,3.0
50,Cortes de Cádiz,HORTALEZA,40.4989343286,-3.65601790796,0.0,0.0,101.0,205.0,310.0,,,,,5.0,5.0,3.0,16.0,2.0,33.0
51,Costa Rica,LATINA,40.3855040335,-3.75598966441,211.0,193.0,190.0,186.0,193.0,5.0,5.0,5.0,5.0,4.0,5.0,3.0,3.0,3.0,3.0
52,Cristóbal Colón,VILLAVERDE,40.3503508,-3.70605797468,354.0,379.0,408.0,422.0,461.0,2.0,9.0,0.0,7.0,1.0,7.0,0.0,12.0,0.0,13.0
53,Cuba,LATINA,40.3950901436,-3.76141107126,191.0,168.0,156.0,130.0,118.0,4.0,5.0,9.0,9.0,2.0,3.0,0.0,1.0,2.0,2.0
54,Daniel Vázquez Díaz,MONCLOA-ARAVACA,40.4647771119,-3.71302269425,138.0,149.0,152.0,154.0,154.0,2.0,2.0,2.0,2.0,3.0,21.0,1.0,20.0,0.0,14.0
55,Dionisio Ridruejo,HORTALEZA,40.4730183544,-3.63454315614,143.0,125.0,128.0,125.0,125.0,1.0,2.0,5.0,5.0,1.0,1.0,2.0,4.0,2.0,3.0
56,Doctor Conde Arruga,MORATALAZ,40.4038241047,-3.64357997378,218.0,215.0,238.0,265.0,292.0,4.0,15.0,4.0,12.0,6.0,10.0,3.0,8.0,1.0,2.0
57,Doctor Federico Rubio,TETUAN,40.4524271206,-3.71134722929,111.0,122.0,119.0,116.0,132.0,3.0,3.0,4.0,4.0,2.0,2.0,1.0,1.0,4.0,4.0
58,Doctor Severo Ochoa,VICALVARO,40.4103110308,-3.61368210619,346.0,323.0,315.0,310.0,289.0,8.0,10.0,6.0,9.0,10.0,11.0,4.0,8.0,1.0,2.0
59,Doctor Tolosa Latour,PUENTE DE VALLECAS,40.3820038126,-3.64200568094,298.0,289.0,315.0,321.0,315.0,5.0,13.0,6.0,9.0,6.0,8.0,1.0,6.0,1.0,6.0
60,Dámaso Alonso,VILLAVERDE,40.3460447139,-3.70895673021,158.0,160.0,154.0,153.0,152.0,6.0,8.0,4.0,5.0,3.0,10.0,3.0,12.0,2.0,5.0
61,EEUU - Huarte de San Juan,MONCLOA-ARAVACA,40.4287017947,-3.73370855742,76.0,89.0,84.0,82.0,97.0,2.0,2.0,20.0,20.0,5.0,5.0,1.0,1.0,2.0,2.0
62,Eduardo Rojo,PUENTE DE VALLECAS,40.3874270668,-3.66280503333,248.0,233.0,230.0,240.0,266.0,5.0,5.0,3.0,4.0,3.0,3.0,4.0,4.0,17.0,20.0
63,El Espinillo,VILLAVERDE,40.3615724122,-3.69327885016,462.0,470.0,490.0,489.0,492.0,1.0,14.0,0.0,11.0,1.0,15.0,1.0,17.0,0.0,17.0
64,El Greco,VILLAVERDE,40.3454822012,-3.67498127964,494.0,580.0,634.0,661.0,641.0,6.0,18.0,6.0,26.0,8.0,22.0,3.0,13.0,0.0,19.0
65,El Madroño,PUENTE DE VALLECAS,40.4022043001,-3.65448872295,112.0,123.0,120.0,116.0,117.0,4.0,4.0,2.0,2.0,5.0,5.0,2.0,2.0,2.0,3.0
66,El Quijote,VILLA DE VALLECAS,40.3749051125,-3.62380936129,332.0,329.0,327.0,334.0,326.0,0.0,44.0,0.0,29.0,7.0,29.0,0.0,33.0,0.0,31.0
67,El Sol,SAN BLAS-CANILLEJAS,40.4239973823,-3.61168458648,580.0,573.0,531.0,514.0,493.0,8.0,13.0,13.0,18.0,7.0,7.0,17.0,21.0,12.0,15.0
68,Emilia Pardo Bazán,CENTRO,40.4067780349,-3.70552769637,97.0,97.0,106.0,110.0,129.0,4.0,4.0,5.0,5.0,2.0,6.0,1.0,4.0,5.0,9.0
69,Ermita del Santo,LATINA,40.4109198479,-3.72340306876,290.0,283.0,278.0,287.0,287.0,3.0,3.0,8.0,10.0,12.0,15.0,4.0,9.0,7.0,19.0
70,Escuelas Aguirre,RETIRO,40.4145497025,-3.67435086048,308.0,307.0,305.0,303.0,298.0,4.0,9.0,7.0,14.0,6.0,22.0,4.0,15.0,3.0,14.0
71,Escuelas Bosque,MONCLOA-ARAVACA,40.4589873398,-3.71253688173,287.0,295.0,302.0,300.0,293.0,6.0,13.0,8.0,16.0,11.0,15.0,4.0,13.0,2.0,17.0
72,Esperanza,HORTALEZA,40.4614426338,-3.64578080791,249.0,261.0,268.0,273.0,280.0,7.0,7.0,9.0,9.0,8.0,10.0,4.0,7.0,10.0,17.0
73,Eugenio María de Hostos,MONCLOA-ARAVACA,40.4691620845,-3.71777571781,228.0,243.0,287.0,321.0,319.0,9.0,11.0,6.0,12.0,9.0,11.0,4.0,8.0,7.0,8.0
74,Felipe II,TETUAN,40.4729057017,-3.69934183889,128.0,115.0,112.0,114.0,126.0,3.0,3.0,2.0,2.0,4.0,5.0,3.0,3.0,,
75,Fernando el Católico,CHAMBERI,40.4341036895,-3.70973929433,127.0,137.0,163.0,183.0,207.0,3.0,3.0,5.0,6.0,8.0,8.0,6.0,6.0,7.0,8.0
76,Fernández de Moratín,MONCLOA-ARAVACA,40.4267332186,-3.72730948445,262.0,242.0,232.0,232.0,227.0,7.0,9.0,5.0,5.0,5.0,5.0,5.0,5.0,4.0,4.0
77,Filósofo Séneca,HORTALEZA,40.478381552,-3.6502374704,109.0,107.0,111.0,120.0,132.0,1.0,1.0,4.0,4.0,3.0,3.0,6.0,6.0,1.0,1.0
78,Fontarrón,MORATALAZ,40.3951135128,-3.63357557022,272.0,265.0,279.0,264.0,259.0,9.0,12.0,5.0,6.0,6.0,8.0,6.0,6.0,3.0,3.0
79,Francisco Arranz,LATINA,40.3749289516,-3.76260941478,283.0,286.0,298.0,302.0,307.0,2.0,6.0,6.0,22.0,2.0,17.0,3.0,22.0,1.0,31.0
80,Francisco Fatóu,VILLA DE VALLECAS,40.3759790329,-3.6184358604,313.0,328.0,305.0,306.0,316.0,4.0,9.0,3.0,15.0,4.0,12.0,0.0,7.0,1.0,8.0
81,Francisco Ruano,PUENTE DE VALLECAS,40.3800856374,-3.6735476485,137.0,144.0,143.0,138.0,127.0,8.0,11.0,3.0,6.0,5.0,10.0,0.0,4.0,3.0,3.0
82,Francisco de Goya,LATINA,40.4111896128,-3.72779034086,115.0,103.0,120.0,122.0,129.0,6.0,6.0,3.0,3.0,11.0,11.0,2.0,2.0,2.0,4.0
83,Francisco de Luis,MORATALAZ,40.4088380164,-3.66029256578,74.0,88.0,97.0,97.0,100.0,2.0,2.0,5.0,5.0,3.0,3.0,0.0,0.0,1.0,1.0
84,Francisco de Quevedo,RETIRO,40.4047276921,-3.67933210662,95.0,85.0,90.0,97.0,106.0,2.0,2.0,2.0,2.0,5.0,5.0,4.0,4.0,0.0,1.0
85,Fray Junípero Serra,PUENTE DE VALLECAS,40.3953095453,-3.65815724393,332.0,307.0,315.0,310.0,308.0,5.0,9.0,8.0,16.0,10.0,27.0,10.0,18.0,13.0,18.0
86,Gabriela Mistral,FUENCARRAL-EL PARDO,40.5077420613,-3.66755252701,374.0,378.0,366.0,344.0,325.0,17.0,26.0,7.0,17.0,7.0,12.0,9.0,22.0,1.0,16.0
87,Gandhi,CIUDAD LINEAL,40.4237462616,-3.63650827804,169.0,164.0,154.0,143.0,151.0,,,3.0,3.0,0.0,5.0,2.0,4.0,1.0,2.0
88,Garcilaso de la Vega,HORTALEZA,40.4669937289,-3.63410898756,266.0,267.0,258.0,287.0,285.0,11.0,11.0,2.0,2.0,4.0,6.0,9.0,10.0,9.0,11.0
89,García Morente,PUENTE DE VALLECAS,40.3733664858,-3.66548252495,87.0,92.0,88.0,78.0,71.0,4.0,4.0,10.0,10.0,6.0,6.0,,,,
90,Giner de los Ríos,PUENTE DE VALLECAS,40.3795294712,-3.66847650353,264.0,272.0,264.0,256.0,234.0,8.0,9.0,5.0,7.0,7.0,10.0,4.0,5.0,4.0,5.0
91,Gloria Fuertes,USERA,40.3693116288,-3.70513683701,200.0,193.0,190.0,184.0,190.0,,,,,9.0,11.0,1.0,4.0,1.0,10.0
92,Gonzalo Fernández de Córdoba,LATINA,40.394142137,-3.77929874527,247.0,270.0,285.0,300.0,294.0,5.0,5.0,7.0,7.0,1.0,6.0,0.0,12.0,2.0,14.0
93,Gonzalo de Berceo,CARABANCHEL,40.3847122148,-3.72200338627,302.0,304.0,306.0,305.0,305.0,4.0,14.0,1.0,8.0,1.0,13.0,1.0,10.0,0.0,11.0
94,Guindalera,SALAMANCA,40.4372859977,-3.66702022908,174.0,180.0,218.0,214.0,235.0,13.0,13.0,10.0,10.0,14.0,14.0,12.0,12.0,11.0,14.0
95,Gustavo Adolfo Bécquer,CIUDAD LINEAL,40.4240189223,-3.64904175678,294.0,293.0,283.0,284.0,278.0,5.0,9.0,6.0,10.0,7.0,11.0,4.0,4.0,2.0,2.0
96,Haití,CARABANCHEL,40.3860711818,-3.74634688688,434.0,394.0,396.0,419.0,415.0,10.0,17.0,8.0,8.0,15.0,15.0,8.0,10.0,4.0,9.0
97,Hermanos Pinzón,LATINA,40.3985817859,-3.76880347321,220.0,219.0,231.0,250.0,248.0,5.0,5.0,2.0,2.0,6.0,6.0,4.0,4.0,3.0,3.0
98,Hernán Cortés,LATINA,40.3911834075,-3.7512812696,286.0,284.0,284.0,296.0,299.0,7.0,16.0,5.0,13.0,9.0,15.0,3.0,11.0,0.0,10.0
99,Honduras,VILLA DE VALLECAS,40.3777503195,-3.62077275314,272.0,291.0,292.0,310.0,326.0,6.0,11.0,7.0,17.0,7.0,15.0,9.0,10.0,0.0,4.0
100,Hortaleza,HORTALEZA,40.4724406572,-3.647738241,,,,,,,,,,,,,,,
101,Ignacio Zuloaga,TETUAN,40.4562549638,-3.71150553745,246.0,251.0,242.0,244.0,265.0,13.0,13.0,11.0,11.0,3.0,3.0,1.0,3.0,12.0,15.0
102,Infanta Leonor,FUENCARRAL-EL PARDO,40.4996695214,-3.7114329556,399.0,431.0,461.0,481.0,471.0,7.0,15.0,3.0,12.0,2.0,11.0,0.0,27.0,0.0,5.0
103,Isaac Albéniz,CHAMARTIN,40.4642287544,-3.66912674106,85.0,82.0,84.0,99.0,115.0,3.0,3.0,3.0,3.0,6.0,6.0,5.0,5.0,9.0,12.0
104,Isaac Peral,CARABANCHEL,40.386295805,-3.7309272123,288.0,288.0,292.0,317.0,305.0,4.0,9.0,15.0,21.0,7.0,20.0,4.0,15.0,2.0,13.0
105,Isabel la Católica,CENTRO,40.4266422154,-3.69972299491,230.0,248.0,261.0,268.0,287.0,14.0,14.0,21.0,21.0,17.0,17.0,8.0,15.0,3.0,13.0
106,Jaime Balmes,PUENTE DE VALLECAS,40.3879037094,-3.67076251537,281.0,275.0,270.0,279.0,290.0,5.0,12.0,13.0,15.0,10.0,20.0,9.0,20.0,2.0,19.0
107,Jaime Vera,TETUAN,40.4524784135,-3.70296280762,310.0,308.0,286.0,275.0,281.0,4.0,4.0,7.0,7.0,3.0,4.0,4.0,7.0,3.0,6.0
108,Javier de Miguel,PUENTE DE VALLECAS,40.3861797185,-3.65720830761,242.0,248.0,264.0,255.0,247.0,2.0,8.0,2.0,11.0,8.0,21.0,3.0,13.0,0.0,26.0
109,Joaquín Costa,ARGANZUELA,40.4055513538,-3.71456576736,931.0,952.0,966.0,946.0,940.0,27.0,27.0,45.0,54.0,2.0,48.0,0.0,31.0,0.0,12.0
110,Joaquín Dicenta,LATINA,40.4056359339,-3.738384162,115.0,111.0,117.0,113.0,123.0,,,3.0,3.0,3.0,3.0,1.0,1.0,,
111,Joaquín Turina,CIUDAD LINEAL,40.4806412425,-3.66632834447,113.0,103.0,96.0,82.0,94.0,4.0,4.0,0.0,0.0,5.0,5.0,4.0,4.0,3.0,3.0
112,Jorge Guillén,FUENCARRAL-EL PARDO,40.4753142252,-3.7077074438,196.0,166.0,171.0,169.0,152.0,3.0,3.0,0.0,1.0,1.0,2.0,1.0,8.0,4.0,7.0
113,Jorge Manrique,USERA,40.3881085852,-3.71037551829,310.0,289.0,290.0,299.0,309.0,6.0,11.0,3.0,10.0,1.0,8.0,3.0,9.0,1.0,10.0
114,Josep Tarradellas,FUENCARRAL-EL PARDO,40.509734261,-3.6704522713,63.0,144.0,262.0,401.0,526.0,4.0,4.0,18.0,18.0,17.0,17.0,8.0,18.0,1.0,17.0
115,José Bergamín,FUENCARRAL-EL PARDO,40.4955109998,-3.69604807948,79.0,71.0,61.0,63.0,67.0,,,,,2.0,2.0,0.0,0.0,1.0,1.0
116,José Calvo Sotelo,RETIRO,40.4008413127,-3.6737662524,390.0,387.0,396.0,420.0,428.0,21.0,27.0,8.0,12.0,7.0,17.0,18.0,30.0,2.0,20.0
117,José María de Pereda,PUENTE DE VALLECAS,40.3818346187,-3.67488452639,148.0,134.0,120.0,121.0,119.0,1.0,1.0,1.0,1.0,4.0,5.0,0.0,1.0,4.0,8.0
118,José Ortega y Gasset,TETUAN,40.4616034174,-3.69420002964,430.0,446.0,418.0,409.0,431.0,37.0,37.0,18.0,31.0,16.0,16.0,6.0,13.0,11.0,39.0
119,José de Echegaray,VILLA DE VALLECAS,40.3682611545,-3.61450194937,0.0,0.0,0.0,81.0,157.0,,,,,,,0.0,20.0,0.0,19.0
120,Jovellanos,LATINA,40.3792700965,-3.78301487902,226.0,215.0,231.0,246.0,245.0,4.0,4.0,7.0,7.0,4.0,5.0,2.0,3.0,5.0,5.0
121,Juan Gris,VILLA DE VALLECAS,40.372633463,-3.61734513763,369.0,336.0,318.0,314.0,307.0,1.0,4.0,0.0,11.0,2.0,18.0,1.0,9.0,2.0,14.0
122,Juan Ramón Jiménez,TETUAN,40.4632785625,-3.70322872272,122.0,129.0,113.0,119.0,129.0,6.0,6.0,6.0,6.0,3.0,3.0,1.0,2.0,0.0,3.0
123,Juan Sebastián Elcano,USERA,40.3890438232,-3.70476527262,294.0,283.0,297.0,300.0,308.0,3.0,9.0,4.0,10.0,8.0,13.0,5.0,13.0,0.0,13.0
124,Juan Zaragüeta,HORTALEZA,40.472109787,-3.63100740247,280.0,285.0,287.0,296.0,298.0,7.0,10.0,3.0,5.0,9.0,12.0,0.0,9.0,0.0,4.0
125,Juan de la Cierva,VILLAVERDE,40.3544360092,-3.69046192373,630.0,638.0,621.0,605.0,612.0,12.0,30.0,6.0,22.0,1.0,23.0,0.0,27.0,0.0,29.0
126,Julián Besteiro,CARABANCHEL,40.3805927414,-3.72812068068,373.0,381.0,358.0,337.0,319.0,15.0,23.0,10.0,12.0,6.0,12.0,1.0,7.0,0.0,12.0
127,Julián Marías,SAN BLAS-CANILLEJAS,40.4271443275,-3.60257676981,469.0,477.0,465.0,441.0,448.0,2.0,9.0,7.0,18.0,5.0,14.0,2.0,11.0,5.0,15.0
128,La Alameda,SAN BLAS-CANILLEJAS,40.437537235,-3.60841158119,196.0,212.0,215.0,216.0,227.0,4.0,4.0,4.0,4.0,10.0,10.0,1.0,1.0,,
129,La Dehesa del Príncipe,LATINA,40.379772095,-3.79395296851,244.0,241.0,272.0,271.0,264.0,5.0,5.0,4.0,6.0,6.0,9.0,4.0,5.0,2.0,2.0
130,La Latina,LATINA,40.3888878676,-3.76202457611,260.0,280.0,278.0,288.0,299.0,2.0,4.0,8.0,16.0,8.0,14.0,12.0,13.0,3.0,10.0
131,La Rioja,PUENTE DE VALLECAS,40.3881486289,-3.63700955081,293.0,289.0,283.0,284.0,270.0,6.0,7.0,5.0,7.0,6.0,15.0,0.0,4.0,8.0,13.0
132,Legado Crespo,ARGANZUELA,40.4048058643,-3.70391614612,173.0,163.0,149.0,137.0,139.0,10.0,12.0,2.0,5.0,7.0,13.0,6.0,12.0,9.0,11.0
133,Leopoldo Alas,CIUDAD LINEAL,40.4282464576,-3.65343253071,237.0,233.0,230.0,245.0,261.0,7.0,8.0,8.0,8.0,4.0,4.0,8.0,8.0,6.0,6.0
134,Leopoldo Calvo Sotelo,FUENCARRAL-EL PARDO,40.5008331676,-3.67514332164,244.0,345.0,462.0,588.0,714.0,13.0,14.0,9.0,9.0,23.0,26.0,13.0,17.0,9.0,25.0
135,Lepanto,MONCLOA-ARAVACA,40.4684390227,-3.72104730287,289.0,292.0,294.0,296.0,290.0,2.0,6.0,0.0,3.0,2.0,3.0,0.0,4.0,0.0,6.0
136,Lope de Vega,CARABANCHEL,40.3946054626,-3.7232402249,230.0,231.0,254.0,252.0,289.0,8.0,8.0,8.0,8.0,4.0,4.0,2.0,4.0,,
137,Lorenzo Luzuriaga,FUENCARRAL-EL PARDO,40.4866486266,-3.70160832091,262.0,262.0,268.0,262.0,275.0,4.0,4.0,12.0,13.0,2.0,3.0,12.0,13.0,1.0,7.0
138,Los Almendros,VICALVARO,40.3962911422,-3.62577420388,285.0,260.0,265.0,271.0,257.0,6.0,6.0,1.0,5.0,5.0,6.0,1.0,2.0,1.0,3.0
139,Los Rosales,VILLAVERDE,40.351753905,-3.67783463445,285.0,275.0,305.0,326.0,336.0,8.0,8.0,1.0,3.0,4.0,4.0,2.0,5.0,4.0,7.0
140,Loyola de Palacio,VILLA DE VALLECAS,40.3606425012,-3.59845108712,306.0,333.0,400.0,434.0,485.0,8.0,12.0,4.0,18.0,14.0,19.0,0.0,11.0,7.0,15.0
141,Luis Bello,CHAMARTIN,40.4436806015,-3.67354527263,98.0,100.0,104.0,113.0,100.0,3.0,3.0,4.0,4.0,0.0,0.0,0.0,0.0,6.0,6.0
142,Luis Cernuda,HORTALEZA,40.4613154044,-3.65398874536,159.0,161.0,152.0,131.0,133.0,5.0,8.0,6.0,6.0,9.0,10.0,1.0,2.0,2.0,2.0
143,Luis de Góngora,FUENCARRAL-EL PARDO,40.4745973035,-3.71441244598,160.0,156.0,145.0,135.0,145.0,4.0,4.0,4.0,4.0,1.0,1.0,0.0,1.0,1.0,3.0
144,Madrid Sur,PUENTE DE VALLECAS,40.3765775542,-3.65534800367,269.0,265.0,267.0,269.0,262.0,0.0,18.0,2.0,36.0,6.0,34.0,0.0,18.0,0.0,27.0
145,Maestro Padilla,CARABANCHEL,40.3626409159,-3.74737215976,0.0,43.0,146.0,248.0,353.0,,,3.0,3.0,2.0,7.0,2.0,9.0,6.0,26.0
146,Manuel Bartolomé Cossío,LATINA,40.381354986,-3.77172949655,293.0,295.0,296.0,293.0,295.0,2.0,13.0,2.0,13.0,0.0,12.0,2.0,11.0,1.0,16.0
147,Manuel Núñez de Arenas,PUENTE DE VALLECAS,40.3752528307,-3.66174334696,110.0,88.0,73.0,85.0,106.0,,,2.0,2.0,1.0,1.0,1.0,1.0,15.0,15.0
148,Manuel Sáinz de Vicuña,MORATALAZ,40.4094369606,-3.64998593265,442.0,446.0,439.0,441.0,440.0,10.0,13.0,21.0,30.0,4.0,16.0,10.0,12.0,10.0,19.0
149,Manuel de Falla,VILLAVERDE,40.3462549882,-3.70550895275,163.0,160.0,150.0,149.0,157.0,2.0,6.0,2.0,6.0,6.0,12.0,4.0,10.0,2.0,5.0
150,Marcelo Usera,USERA,40.3871562007,-3.69960873366,150.0,147.0,160.0,163.0,157.0,2.0,2.0,6.0,6.0,7.0,7.0,2.0,4.0,0.0,3.0
151,Margaret Thatcher,BARAJAS,40.4704771976,-3.590459755,,0.0,0.0,0.0,24.0,,,,,,,,,5.0,5.0
152,Mariano José de Larra,SAN BLAS-CANILLEJAS,40.4306153281,-3.60897403379,413.0,413.0,421.0,429.0,439.0,2.0,14.0,7.0,14.0,6.0,11.0,6.0,10.0,5.0,19.0
153,Marqués de Marcenado,ARGANZUELA,40.4103704921,-3.72048608485,103.0,99.0,103.0,122.0,129.0,6.0,6.0,4.0,4.0,9.0,9.0,4.0,4.0,4.0,4.0
154,Marqués de Suanzes,SAN BLAS-CANILLEJAS,40.4430907873,-3.62455717055,460.0,469.0,462.0,441.0,437.0,6.0,25.0,12.0,21.0,2.0,11.0,1.0,14.0,9.0,14.0
155,Martínez Montañés,MORATALAZ,40.4019135421,-3.63391036022,179.0,173.0,164.0,154.0,141.0,1.0,2.0,7.0,7.0,4.0,9.0,3.0,5.0,4.0,5.0
156,María Moliner,SAN BLAS-CANILLEJAS,40.4221740208,-3.6191180462,430.0,421.0,423.0,406.0,386.0,14.0,15.0,8.0,11.0,6.0,6.0,12.0,13.0,5.0,5.0
157,Menéndez Pelayo,ARGANZUELA,40.4055751031,-3.69139669544,327.0,266.0,291.0,305.0,286.0,10.0,10.0,0.0,4.0,12.0,14.0,9.0,9.0,2.0,8.0
158,Menéndez Pidal,MORATALAZ,40.4005402439,-3.64115651744,205.0,179.0,160.0,147.0,154.0,3.0,3.0,4.0,5.0,5.0,5.0,1.0,1.0,7.0,11.0
159,Meseta de Orcasitas,USERA,40.371945354,-3.71052379889,434.0,443.0,453.0,432.0,453.0,2.0,11.0,6.0,15.0,9.0,11.0,2.0,11.0,0.0,7.0
160,Mesonero Romanos,PUENTE DE VALLECAS,40.3936844307,-3.64437893119,279.0,276.0,270.0,279.0,284.0,5.0,13.0,5.0,8.0,6.0,9.0,2.0,5.0,3.0,5.0
161,Miguel Blasco Vilatela,CIUDAD LINEAL,40.4293465714,-3.63218728824,299.0,293.0,321.0,318.0,336.0,7.0,17.0,15.0,19.0,9.0,13.0,3.0,15.0,6.0,16.0
162,Miguel Servet,CARABANCHEL,40.3940963714,-3.73680878654,294.0,301.0,320.0,303.0,306.0,4.0,18.0,12.0,19.0,9.0,31.0,0.0,12.0,3.0,22.0
163,Miguel de Unamuno,ARGANZUELA,40.3942833118,-3.69347283089,564.0,561.0,570.0,570.0,571.0,15.0,30.0,8.0,16.0,12.0,24.0,13.0,19.0,8.0,19.0
164,Mirasierra,FUENCARRAL-EL PARDO,40.4911390355,-3.7141984472,415.0,410.0,410.0,429.0,430.0,9.0,9.0,19.0,21.0,13.0,13.0,17.0,22.0,14.0,33.0
165,Monte de El Pardo,FUENCARRAL-EL PARDO,40.5171572686,-3.7742643107,128.0,132.0,131.0,137.0,143.0,1.0,1.0,6.0,6.0,3.0,3.0,1.0,1.0,1.0,2.0
166,Méjico (México),CIUDAD LINEAL,40.4434865151,-3.65080904918,93.0,88.0,99.0,109.0,110.0,9.0,9.0,3.0,3.0,5.0,5.0,4.0,4.0,5.0,5.0
167,Méndez Núñez,HORTALEZA,40.4789769486,-3.65963430597,93.0,83.0,87.0,88.0,95.0,9.0,9.0,5.0,5.0,5.0,5.0,7.0,7.0,3.0,3.0
168,Navas de Tolosa,VILLAVERDE,40.3443404473,-3.68529600432,291.0,310.0,282.0,255.0,260.0,2.0,3.0,6.0,6.0,3.0,3.0,0.0,2.0,2.0,3.0
169,Nuestra Señora de la Almudena,RETIRO,40.4190156144,-3.67787272233,158.0,144.0,151.0,162.0,169.0,5.0,5.0,8.0,8.0,1.0,2.0,7.0,8.0,4.0,5.0
170,Nuestra Señora de la Concepción,CIUDAD LINEAL,40.4371484214,-3.65005228804,156.0,134.0,133.0,130.0,118.0,5.0,6.0,7.0,7.0,5.0,6.0,6.0,6.0,5.0,5.0
171,Nuestra Señora de la Fuencisla,USERA,40.3802003664,-3.69825268858,264.0,277.0,304.0,288.0,301.0,4.0,11.0,10.0,14.0,3.0,18.0,2.0,13.0,0.0,11.0
172,Nuestra Señora de la Luz,VILLAVERDE,40.3436597271,-3.70561142986,139.0,126.0,137.0,136.0,149.0,1.0,1.0,0.0,0.0,5.0,5.0,1.0,2.0,1.0,3.0
173,Nuestra Señora de la Paloma,CENTRO,40.4110845197,-3.71138315098,280.0,284.0,300.0,287.0,286.0,20.0,22.0,6.0,10.0,10.0,16.0,7.0,20.0,1.0,9.0
174,Nuestra Señora del Lucero,LATINA,40.4024206807,-3.74104766559,412.0,421.0,404.0,404.0,375.0,8.0,8.0,5.0,15.0,3.0,6.0,5.0,12.0,1.0,4.0
175,Pablo Picasso,HORTALEZA,40.4707862667,-3.64715611626,315.0,343.0,365.0,372.0,366.0,7.0,11.0,3.0,15.0,8.0,13.0,0.0,7.0,2.0,12.0
176,Padre Coloma,SAN BLAS-CANILLEJAS,40.4484849631,-3.61489005717,132.0,153.0,162.0,154.0,161.0,5.0,5.0,2.0,4.0,7.0,11.0,1.0,5.0,0.0,10.0
177,Padre Mariana,PUENTE DE VALLECAS,40.377035594,-3.67130262626,128.0,138.0,141.0,147.0,141.0,2.0,4.0,11.0,13.0,3.0,10.0,3.0,4.0,0.0,7.0
178,Padre Poveda,CHAMARTIN,40.451218875,-3.66772403678,246.0,257.0,262.0,265.0,273.0,10.0,18.0,7.0,7.0,6.0,7.0,5.0,6.0,11.0,17.0
179,Palacio Valdés,CENTRO,40.4105569975,-3.69292091402,105.0,106.0,102.0,105.0,111.0,4.0,4.0,3.0,3.0,1.0,1.0,1.0,1.0,4.0,4.0
180,Palomeras Bajas,PUENTE DE VALLECAS,40.3791948487,-3.66086304264,298.0,300.0,298.0,302.0,299.0,5.0,10.0,3.0,14.0,8.0,22.0,4.0,29.0,1.0,19.0
181,Parque Aluche,LATINA,40.3908315783,-3.76099785058,246.0,224.0,223.0,220.0,256.0,3.0,3.0,5.0,5.0,5.0,6.0,2.0,2.0,3.0,5.0
182,Parque Eugenia de Montijo,CARABANCHEL,40.3783744698,-3.75236411272,144.0,141.0,152.0,151.0,148.0,0.0,1.0,1.0,2.0,3.0,9.0,1.0,5.0,2.0,3.0
183,Pasamonte,MORATALAZ,40.4122677609,-3.64803308855,278.0,281.0,290.0,292.0,298.0,10.0,10.0,9.0,9.0,15.0,15.0,18.0,19.0,3.0,6.0
184,Patriarca Obispo Eijo y Garay,CHAMARTIN,40.4396963472,-3.68161769683,108.0,128.0,141.0,155.0,153.0,2.0,2.0,7.0,7.0,7.0,12.0,7.0,9.0,6.0,9.0
185,Pedro Duque,VICALVARO,40.3972184516,-3.60730613197,481.0,500.0,508.0,503.0,504.0,1.0,10.0,7.0,24.0,3.0,13.0,0.0,14.0,0.0,11.0
186,Perú,CARABANCHEL,40.3937935566,-3.71326316581,501.0,472.0,454.0,462.0,440.0,8.0,8.0,5.0,5.0,3.0,3.0,7.0,10.0,0.0,8.0
187,Pi I Margall,CENTRO,40.4267928878,-3.70458150498,118.0,94.0,99.0,110.0,122.0,5.0,5.0,6.0,6.0,6.0,6.0,0.0,0.0,3.0,3.0
188,Pinar de San José,CARABANCHEL,40.3630163806,-3.76435955979,586.0,636.0,614.0,612.0,622.0,8.0,16.0,19.0,22.0,6.0,12.0,7.0,13.0,1.0,4.0
189,Pinar del Rey,HORTALEZA,40.4716202449,-3.65424206261,255.0,280.0,269.0,292.0,291.0,6.0,6.0,12.0,12.0,8.0,8.0,8.0,9.0,10.0,11.0
190,Pintor Rosales,CHAMARTIN,40.4446237951,-3.67863696871,146.0,205.0,214.0,248.0,248.0,13.0,16.0,20.0,20.0,11.0,14.0,16.0,16.0,8.0,8.0
191,Portugal,MONCLOA-ARAVACA,40.4249186518,-3.71491214478,109.0,90.0,106.0,98.0,108.0,5.0,5.0,4.0,4.0,9.0,9.0,6.0,6.0,3.0,3.0
192,Pradolongo,USERA,40.378930663,-3.71583943805,319.0,315.0,326.0,322.0,320.0,13.0,16.0,13.0,15.0,13.0,13.0,3.0,12.0,0.0,12.0
193,Príncipe de Asturias,FUENCARRAL-EL PARDO,40.5415687934,-3.69681982425,296.0,292.0,297.0,293.0,294.0,6.0,16.0,3.0,15.0,6.0,31.0,3.0,34.0,3.0,20.0
194,Puerto Rico,USERA,40.3679444994,-3.71939806383,288.0,309.0,306.0,313.0,317.0,0.0,12.0,0.0,14.0,2.0,16.0,1.0,15.0,0.0,13.0
195,Pío Baroja,MORATALAZ,40.4035400189,-3.63794419299,241.0,240.0,252.0,261.0,262.0,6.0,6.0,14.0,14.0,8.0,10.0,2.0,4.0,8.0,10.0
196,Pío XII,TETUAN,40.466938595,-3.69388929191,230.0,225.0,231.0,226.0,246.0,27.0,36.0,25.0,28.0,13.0,18.0,16.0,20.0,20.0,23.0
197,Rabindranath Tagore,FUENCARRAL-EL PARDO,40.483097533,-3.69590803716,239.0,225.0,235.0,244.0,261.0,6.0,11.0,6.0,10.0,7.0,8.0,1.0,2.0,6.0,17.0
198,Ramiro de Maeztu,CHAMARTIN,40.442092981,-3.68614621528,467.0,487.0,503.0,500.0,488.0,16.0,64.0,14.0,63.0,6.0,67.0,3.0,64.0,0.0,65.0
199,Ramón Gómez de la Serna,VILLAVERDE,40.3396932754,-3.68958164226,307.0,313.0,283.0,288.0,285.0,6.0,17.0,1.0,17.0,4.0,27.0,16.0,27.0,4.0,28.0
200,Ramón María del Valle Inclán,SAN BLAS-CANILLEJAS,40.4298542153,-3.61828069823,120.0,121.0,110.0,109.0,115.0,7.0,7.0,3.0,3.0,3.0,3.0,0.0,1.0,2.0,2.0
201,Ramón Pérez de Ayala,HORTALEZA,40.4663499004,-3.63323005426,177.0,161.0,157.0,163.0,186.0,7.0,7.0,2.0,4.0,1.0,6.0,1.0,7.0,1.0,1.0
202,Real Armada,MORATALAZ,40.4017049241,-3.64556313171,373.0,343.0,330.0,293.0,283.0,14.0,14.0,7.0,7.0,10.0,13.0,9.0,9.0,3.0,8.0
203,Regimiento Inmemorial del Rey,MORATALAZ,40.4073860721,-3.65739096778,265.0,225.0,205.0,182.0,182.0,5.0,7.0,4.0,5.0,5.0,7.0,1.0,3.0,10.0,10.0
204,Reina Victoria,SALAMANCA,40.4335006079,-3.67966874739,263.0,261.0,274.0,273.0,280.0,7.0,15.0,10.0,10.0,8.0,8.0,1.0,11.0,2.0,10.0
205,República Dominicana,CARABANCHEL,40.3762854322,-3.75219951661,144.0,141.0,143.0,133.0,142.0,4.0,4.0,4.0,5.0,2.0,4.0,0.0,1.0,0.0,3.0
206,República de Brasil,USERA,40.3704393979,-3.6899302716,450.0,457.0,434.0,454.0,432.0,12.0,12.0,5.0,5.0,20.0,20.0,14.0,19.0,0.0,17.0
207,República de Chile,SAN BLAS-CANILLEJAS,40.4280985248,-3.62478391987,219.0,193.0,193.0,186.0,175.0,5.0,5.0,2.0,4.0,7.0,8.0,2.0,2.0,1.0,3.0
208,República de Colombia,CARABANCHEL,40.3759860732,-3.7371297831,142.0,147.0,132.0,133.0,138.0,2.0,2.0,0.0,4.0,2.0,6.0,5.0,12.0,3.0,11.0
209,República de Ecuador,CARABANCHEL,40.387610836,-3.72525078822,316.0,272.0,320.0,331.0,324.0,6.0,9.0,9.0,11.0,9.0,13.0,5.0,16.0,2.0,17.0
210,República de El Salvador,VILLAVERDE,40.3494991115,-3.69794772807,93.0,113.0,110.0,121.0,139.0,2.0,2.0,6.0,6.0,1.0,2.0,0.0,0.0,1.0,1.0
211,República de Paraguay,FUENCARRAL-EL PARDO,40.4919481614,-3.69526785667,107.0,105.0,115.0,116.0,114.0,2.0,2.0,3.0,5.0,0.0,0.0,0.0,0.0,1.0,2.0
212,República de Uruguay,LATINA,40.3934735007,-3.74123236056,272.0,259.0,270.0,291.0,297.0,7.0,7.0,5.0,14.0,4.0,10.0,3.0,5.0,4.0,23.0
213,República de Venezuela,USERA,40.3835840227,-3.71362671196,343.0,313.0,334.0,325.0,356.0,7.0,7.0,7.0,14.0,7.0,7.0,4.0,7.0,2.0,6.0
214,Rosa Luxemburgo,MONCLOA-ARAVACA,40.4500318182,-3.77157115262,282.0,303.0,296.0,288.0,297.0,11.0,19.0,18.0,18.0,10.0,12.0,8.0,11.0,5.0,9.0
215,Rufino Blanco,CHAMBERI,40.4382112129,-3.70246046126,292.0,301.0,296.0,288.0,290.0,10.0,13.0,6.0,9.0,2.0,11.0,4.0,6.0,2.0,5.0
216,Sagunto,VILLAVERDE,40.3411624956,-3.68491063157,272.0,273.0,286.0,288.0,300.0,6.0,6.0,11.0,11.0,6.0,6.0,1.0,1.0,9.0,19.0
217,San Benito,CIUDAD LINEAL,40.4442650726,-3.6469252698,117.0,117.0,151.0,179.0,194.0,6.0,8.0,6.0,6.0,6.0,8.0,6.0,6.0,0.0,1.0
218,San Carlos,VILLAVERDE,40.344022214,-3.71114912043,270.0,272.0,273.0,272.0,289.0,4.0,6.0,11.0,11.0,9.0,13.0,2.0,4.0,2.0,6.0
219,San Cristóbal,CHAMBERI,40.4374332991,-3.70445676126,200.0,218.0,247.0,254.0,244.0,3.0,3.0,4.0,4.0,8.0,9.0,13.0,15.0,4.0,5.0
220,San Eugenio y San Isidro,ARGANZUELA,40.4021347158,-3.70316947249,278.0,278.0,289.0,299.0,291.0,7.0,11.0,3.0,8.0,4.0,7.0,1.0,4.0,2.0,4.0
221,San Ignacio de Loyola,CARABANCHEL,40.3848491071,-3.72172209471,151.0,150.0,150.0,152.0,150.0,2.0,23.0,2.0,13.0,3.0,14.0,1.0,17.0,0.0,9.0
222,San Ildefonso,CENTRO,40.4130796824,-3.71217027214,142.0,141.0,132.0,141.0,140.0,3.0,5.0,5.0,6.0,3.0,11.0,3.0,5.0,4.0,5.0
223,San Isidoro,RETIRO,40.4065086717,-3.6813417079,137.0,132.0,135.0,151.0,152.0,2.0,3.0,0.0,2.0,0.0,0.0,1.0,2.0,4.0,4.0
224,San Juan Bautista,CIUDAD LINEAL,40.4511607163,-3.65902023952,350.0,347.0,333.0,314.0,312.0,3.0,28.0,0.0,33.0,0.0,22.0,0.0,24.0,0.0,26.0
225,San Juan Bosco,CIUDAD LINEAL,40.4196837828,-3.6525599142,142.0,135.0,144.0,139.0,141.0,3.0,6.0,3.0,4.0,5.0,5.0,4.0,4.0,1.0,1.0
226,San Juan de la Cruz,CHAMARTIN,40.459537376,-3.67954186336,97.0,101.0,112.0,102.0,114.0,4.0,4.0,6.0,6.0,5.0,5.0,4.0,4.0,6.0,6.0
227,San Miguel,HORTALEZA,40.4744063898,-3.65222821453,113.0,128.0,116.0,125.0,131.0,5.0,5.0,11.0,11.0,5.0,7.0,5.0,5.0,4.0,5.0
228,San Pablo,PUENTE DE VALLECAS,40.3893997727,-3.65176088282,133.0,143.0,152.0,152.0,149.0,3.0,11.0,4.0,7.0,12.0,19.0,0.0,11.0,0.0,7.0
229,San Roque,VILLAVERDE,40.3468636797,-3.70319566344,164.0,173.0,159.0,146.0,143.0,3.0,3.0,2.0,3.0,3.0,5.0,2.0,3.0,1.0,2.0
230,Santa María,CENTRO,40.406129867,-3.7069233554,120.0,124.0,124.0,125.0,137.0,2.0,2.0,3.0,4.0,8.0,9.0,3.0,3.0,2.0,7.0
231,Santo Domingo,PUENTE DE VALLECAS,40.3920182994,-3.64589479587,294.0,298.0,288.0,301.0,295.0,12.0,15.0,7.0,18.0,14.0,22.0,2.0,12.0,5.0,19.0
232,Tirso de Molina,ARGANZUELA,40.3922430247,-3.68814969139,551.0,591.0,599.0,555.0,542.0,14.0,16.0,6.0,17.0,11.0,16.0,5.0,20.0,7.0,17.0
233,Tomás Bretón,ARGANZUELA,40.4010658346,-3.71586173703,308.0,310.0,311.0,307.0,310.0,2.0,9.0,6.0,15.0,1.0,11.0,0.0,8.0,2.0,19.0
234,Valdebernardo,VICALVARO,40.4034059567,-3.61783830192,447.0,466.0,470.0,473.0,479.0,8.0,12.0,5.0,11.0,6.0,14.0,10.0,22.0,5.0,18.0
235,Vasco Núñez de Balboa,FUENCARRAL-EL PARDO,40.4993973636,-3.68642288628,52.0,53.0,62.0,63.0,68.0,1.0,1.0,3.0,3.0,2.0,2.0,2.0,2.0,,
236,Vicálvaro,VICALVARO,40.4050257574,-3.60109491852,303.0,288.0,291.0,284.0,278.0,6.0,8.0,3.0,5.0,2.0,4.0,1.0,2.0,5.0,7.0
237,Virgen del Cerro,PUENTE DE VALLECAS,40.3959553318,-3.64910213702,335.0,314.0,298.0,301.0,288.0,3.0,3.0,12.0,15.0,5.0,15.0,0.0,3.0,4.0,11.0
238,Virgen del Cortijo,HORTALEZA,40.4872539628,-3.66002211857,223.0,232.0,240.0,245.0,282.0,7.0,8.0,5.0,5.0,4.0,4.0,13.0,13.0,9.0,13.0
239,Vázquez de Mella,CENTRO,40.4120954295,-3.7139985335,139.0,140.0,119.0,119.0,131.0,4.0,4.0,3.0,7.0,3.0,7.0,5.0,7.0,5.0,6.0
240,Winston Churchill,VICALVARO,40.4029655567,-3.59531392733,393.0,484.0,521.0,537.0,533.0,7.0,18.0,6.0,13.0,3.0,12.0,1.0,10.0,3.0,15.0
241,Álvaro de Bazan,SAN BLAS-CANILLEJAS,40.4215433105,-3.60724192162,394.0,464.0,518.0,518.0,496.0,11.0,14.0,4.0,14.0,6.0,11.0,4.0,20.0,6.0,16.0
242,,,,,,,,,,,,,,,,,,,
243,,,,,123.0,134.0,131.0,121.0,136.0,2.0,2.0,4.0,6.0,0.0,0.0,1.0,1.0,3.0,6.0
244,,,,,278.0,279.0,294.0,303.0,296.0,22.0,23.0,11.0,11.0,11.0,11.0,8.0,10.0,6.0,10.0
245,,,,,,,,,,,,,,,,,,,
246,,,,,76.0,150.0,249.0,349.0,466.0,6.0,6.0,11.0,15.0,7.0,7.0,2.0,9.0,3.0,7.0
