Colegio,Barrio,Distrito,Latitud,Longitud,Plazas_2012-2013,Plazas_2013-2014,Plazas_2014-2015,Plazas_2015-2016,Plazas_2016-2017,Admisiones_2012-2013,Solicitudes_2012-2013,Admisiones_2013-2014,Solicitudes_2013-2014,Admisiones_2014-2015,Solicitudes_2014-2015,Admisiones_2015-2016,Solicitudes_2015-2016,Admisiones_2016-2017,Solicitudes_2016-2017,Pob_x_Barrio_2012-2013,Pob_x_Barrio_2013-2014,Pob_x_Barrio_2014-2015,Pob_x_Barrio_2015-2016,Pob_x_Barrio_2016-2017,Pob_x_Barrio_2017-2018
Adolfo Suárez,VALDEFUENTES,HORTALEZA,40.4886026666,-3.65255442433,510.0,540.0,535.0,532.0,594.0,14.0,20.0,11.0,25.0,7.0,25.0,9.0,20.0,11.0,18.0,3861.0,4140.0,4400.0,4746.0,5271.0,5661.0
Cortes de Cádiz,VALDEFUENTES,HORTALEZA,40.4989343286,-3.65601790796,0.0,0.0,101.0,205.0,310.0,,,,,5.0,5.0,3.0,16.0,2.0,33.0,3861.0,4140.0,4400.0,4746.0,5271.0,5661.0
Juan Zaragüeta,VALDEFUENTES,HORTALEZA,40.472109787,-3.63100740247,280.0,285.0,287.0,296.0,298.0,7.0,10.0,3.0,5.0,9.0,12.0,0.0,9.0,0.0,4.0,3861.0,4140.0,4400.0,4746.0,5271.0,5661.0
Virgen del Cortijo,VALDEFUENTES,HORTALEZA,40.4872539628,-3.66002211857,223.0,232.0,240.0,245.0,282.0,7.0,8.0,5.0,5.0,4.0,4.0,13.0,13.0,9.0,13.0,3861.0,4140.0,4400.0,4746.0,5271.0,5661.0
Alfredo di Stefano,VALDEFUENTES,HORTALEZA,40.4958035,-3.6185524,,,,,,,,,,,,,,,,3861.0,4140.0,4400.0,4746.0,5271.0,5661.0
Agustina Díez,PORTAZGO,PUENTE DE VALLECAS,40.3881909372,-3.64723672492,276.0,256.0,265.0,255.0,234.0,8.0,12.0,3.0,3.0,6.0,6.0,3.0,3.0,3.0,3.0,1375.0,1415.0,1488.0,1516.0,1507.0,1470.0
Mesonero Romanos,PORTAZGO,PUENTE DE VALLECAS,40.3936844307,-3.64437893119,279.0,276.0,270.0,279.0,284.0,5.0,13.0,5.0,8.0,6.0,9.0,2.0,5.0,3.0,5.0,1375.0,1415.0,1488.0,1516.0,1507.0,1470.0
San Pablo,PORTAZGO,PUENTE DE VALLECAS,40.3893997727,-3.65176088282,133.0,143.0,152.0,152.0,149.0,3.0,11.0,4.0,7.0,12.0,19.0,0.0,11.0,0.0,7.0,1375.0,1415.0,1488.0,1516.0,1507.0,1470.0
Santo Domingo,PORTAZGO,PUENTE DE VALLECAS,40.3920182994,-3.64589479587,294.0,298.0,288.0,301.0,295.0,12.0,15.0,7.0,18.0,14.0,22.0,2.0,12.0,5.0,19.0,1375.0,1415.0,1488.0,1516.0,1507.0,1470.0
Virgen del Cerro,PORTAZGO,PUENTE DE VALLECAS,40.3959553318,-3.64910213702,335.0,314.0,298.0,301.0,288.0,3.0,3.0,12.0,15.0,5.0,15.0,0.0,3.0,4.0,11.0,1375.0,1415.0,1488.0,1516.0,1507.0,1470.0
Agustín Rodriguez Sahagún,CASCO H.VALLECAS,VILLA DE VALLECAS,40.3680399849,-3.62216774288,449.0,551.0,576.0,572.0,541.0,9.0,32.0,5.0,23.0,10.0,33.0,1.0,33.0,0.0,51.0,4656.0,4947.0,5295.0,5566.0,6055.0,6485.0
El Quijote,CASCO H.VALLECAS,VILLA DE VALLECAS,40.3749051125,-3.62380936129,332.0,329.0,327.0,334.0,326.0,0.0,44.0,0.0,29.0,7.0,29.0,0.0,33.0,0.0,31.0,4656.0,4947.0,5295.0,5566.0,6055.0,6485.0
Francisco Fatóu,CASCO H.VALLECAS,VILLA DE VALLECAS,40.3759790329,-3.6184358604,313.0,328.0,305.0,306.0,316.0,4.0,9.0,3.0,15.0,4.0,12.0,0.0,7.0,1.0,8.0,4656.0,4947.0,5295.0,5566.0,6055.0,6485.0
Honduras,CASCO H.VALLECAS,VILLA DE VALLECAS,40.3777503195,-3.62077275314,272.0,291.0,292.0,310.0,326.0,6.0,11.0,7.0,17.0,7.0,15.0,9.0,10.0,0.0,4.0,4656.0,4947.0,5295.0,5566.0,6055.0,6485.0
José de Echegaray,CASCO H.VALLECAS,VILLA DE VALLECAS,40.3682611545,-3.61450194937,0.0,0.0,0.0,81.0,157.0,,,,,,,0.0,20.0,0.0,19.0,4656.0,4947.0,5295.0,5566.0,6055.0,6485.0
Juan Gris,CASCO H.VALLECAS,VILLA DE VALLECAS,40.372633463,-3.61734513763,369.0,336.0,318.0,314.0,307.0,1.0,4.0,0.0,11.0,2.0,18.0,1.0,9.0,2.0,14.0,4656.0,4947.0,5295.0,5566.0,6055.0,6485.0
Loyola de Palacio,CASCO H.VALLECAS,VILLA DE VALLECAS,40.3606425012,-3.59845108712,306.0,333.0,400.0,434.0,485.0,8.0,12.0,4.0,18.0,14.0,19.0,0.0,11.0,7.0,15.0,4656.0,4947.0,5295.0,5566.0,6055.0,6485.0
Alberto Alcocer,HELLIN,SAN BLAS-CANILLEJAS,40.4333378228,-3.6120521749,367.0,358.0,334.0,330.0,309.0,12.0,18.0,5.0,15.0,8.0,12.0,5.0,8.0,3.0,9.0,372.0,379.0,396.0,401.0,416.0,388.0
Ramón María del Valle Inclán,HELLIN,SAN BLAS-CANILLEJAS,40.4298542153,-3.61828069823,120.0,121.0,110.0,109.0,115.0,7.0,7.0,3.0,3.0,3.0,3.0,0.0,1.0,2.0,2.0,372.0,379.0,396.0,401.0,416.0,388.0
Alcalde de Móstoles,LAS AGUILAS,LATINA,40.3798369029,-3.77644792993,128.0,123.0,137.0,138.0,141.0,6.0,6.0,7.0,7.0,3.0,4.0,2.0,4.0,1.0,4.0,2437.0,2438.0,2485.0,2466.0,2439.0,2387.0
Ciudad de Badajoz,LAS AGUILAS,LATINA,40.383982611,-3.77889889809,112.0,109.0,127.0,133.0,140.0,1.0,1.0,6.0,6.0,2.0,2.0,0.0,2.0,,,2437.0,2438.0,2485.0,2466.0,2439.0,2387.0
Francisco Arranz,LAS AGUILAS,LATINA,40.3749289516,-3.76260941478,283.0,286.0,298.0,302.0,307.0,2.0,6.0,6.0,22.0,2.0,17.0,3.0,22.0,1.0,31.0,2437.0,2438.0,2485.0,2466.0,2439.0,2387.0
Jovellanos,LAS AGUILAS,LATINA,40.3792700965,-3.78301487902,226.0,215.0,231.0,246.0,245.0,4.0,4.0,7.0,7.0,4.0,5.0,2.0,3.0,5.0,5.0,2437.0,2438.0,2485.0,2466.0,2439.0,2387.0
Manuel Bartolomé Cossío,LAS AGUILAS,LATINA,40.381354986,-3.77172949655,293.0,295.0,296.0,293.0,295.0,2.0,13.0,2.0,13.0,0.0,12.0,2.0,11.0,1.0,16.0,2437.0,2438.0,2485.0,2466.0,2439.0,2387.0
Alfonso X El Sabio,CASCO H.VICALVARO,VICALVARO,40.4032013845,-3.6036948781,290.0,279.0,261.0,272.0,251.0,11.0,14.0,6.0,6.0,5.0,7.0,4.0,4.0,4.0,8.0,4385.0,4598.0,4834.0,5005.0,4910.0,4888.0
Carmen Laforet,CASCO H.VICALVARO,VICALVARO,40.4006763197,-3.5989822135,0.0,83.0,207.0,301.0,393.0,,,2.0,2.0,2.0,7.0,0.0,8.0,0.0,13.0,4385.0,4598.0,4834.0,5005.0,4910.0,4888.0
Los Almendros,CASCO H.VICALVARO,VICALVARO,40.3962911422,-3.62577420388,285.0,260.0,265.0,271.0,257.0,6.0,6.0,1.0,5.0,5.0,6.0,1.0,2.0,1.0,3.0,4385.0,4598.0,4834.0,5005.0,4910.0,4888.0
Pedro Duque,CASCO H.VICALVARO,VICALVARO,40.3972184516,-3.60730613197,481.0,500.0,508.0,503.0,504.0,1.0,10.0,7.0,24.0,3.0,13.0,0.0,14.0,0.0,11.0,4385.0,4598.0,4834.0,5005.0,4910.0,4888.0
Valdebernardo,CASCO H.VICALVARO,VICALVARO,40.4034059567,-3.61783830192,447.0,466.0,470.0,473.0,479.0,8.0,12.0,5.0,11.0,6.0,14.0,10.0,22.0,5.0,18.0,4385.0,4598.0,4834.0,5005.0,4910.0,4888.0
Winston Churchill,CASCO H.VICALVARO,VICALVARO,40.4029655567,-3.59531392733,393.0,484.0,521.0,537.0,533.0,7.0,18.0,6.0,13.0,3.0,12.0,1.0,10.0,3.0,15.0,4385.0,4598.0,4834.0,5005.0,4910.0,4888.0
Alhambra,PEÑA GRANDE,FUENCARRAL-EL PARDO,40.4834934873,-3.72671832796,233.0,248.0,260.0,271.0,260.0,3.0,4.0,13.0,13.0,7.0,7.0,6.0,11.0,4.0,5.0,2089.0,2143.0,2183.0,2236.0,2187.0,2212.0
Bravo Murillo,PEÑA GRANDE,FUENCARRAL-EL PARDO,40.4805389015,-3.71801486152,127.0,96.0,108.0,113.0,132.0,2.0,2.0,4.0,4.0,12.0,12.0,8.0,8.0,12.0,12.0,2089.0,2143.0,2183.0,2236.0,2187.0,2212.0
Amadeo Vives,ALUCHE,LATINA,40.3974359377,-3.75539252914,280.0,265.0,266.0,269.0,268.0,3.0,3.0,2.0,2.0,3.0,5.0,3.0,5.0,7.0,8.0,2752.0,2758.0,2833.0,2798.0,2857.0,2856.0
Costa Rica,ALUCHE,LATINA,40.3855040335,-3.75598966441,211.0,193.0,190.0,186.0,193.0,5.0,5.0,5.0,5.0,4.0,5.0,3.0,3.0,3.0,3.0,2752.0,2758.0,2833.0,2798.0,2857.0,2856.0
Cuba,ALUCHE,LATINA,40.3950901436,-3.76141107126,191.0,168.0,156.0,130.0,118.0,4.0,5.0,9.0,9.0,2.0,3.0,0.0,1.0,2.0,2.0,2752.0,2758.0,2833.0,2798.0,2857.0,2856.0
Hernán Cortés,ALUCHE,LATINA,40.3911834075,-3.7512812696,286.0,284.0,284.0,296.0,299.0,7.0,16.0,5.0,13.0,9.0,15.0,3.0,11.0,0.0,10.0,2752.0,2758.0,2833.0,2798.0,2857.0,2856.0
La Latina,ALUCHE,LATINA,40.3888878676,-3.76202457611,260.0,280.0,278.0,288.0,299.0,2.0,4.0,8.0,16.0,8.0,14.0,12.0,13.0,3.0,10.0,2752.0,2758.0,2833.0,2798.0,2857.0,2856.0
Parque Aluche,ALUCHE,LATINA,40.3908315783,-3.76099785058,246.0,224.0,223.0,220.0,256.0,3.0,3.0,5.0,5.0,5.0,6.0,2.0,2.0,3.0,5.0,2752.0,2758.0,2833.0,2798.0,2857.0,2856.0
Amador de los Ríos,FUENTE DEL BERRO,SALAMANCA,40.4262796292,-3.66655782639,195.0,186.0,186.0,191.0,208.0,10.0,10.0,15.0,16.0,6.0,8.0,7.0,8.0,3.0,4.0,876.0,873.0,882.0,885.0,878.0,886.0
Amós Acero,PALOMERAS BAJAS,PUENTE DE VALLECAS,40.3902233323,-3.66377503466,140.0,144.0,142.0,150.0,145.0,19.0,24.0,29.0,31.0,21.0,25.0,15.0,21.0,27.0,30.0,2550.0,2433.0,2317.0,2198.0,2120.0,2061.0
Eduardo Rojo,PALOMERAS BAJAS,PUENTE DE VALLECAS,40.3874270668,-3.66280503333,248.0,233.0,230.0,240.0,266.0,5.0,5.0,3.0,4.0,3.0,3.0,4.0,4.0,17.0,20.0,2550.0,2433.0,2317.0,2198.0,2120.0,2061.0
Javier de Miguel,PALOMERAS BAJAS,PUENTE DE VALLECAS,40.3861797185,-3.65720830761,242.0,248.0,264.0,255.0,247.0,2.0,8.0,2.0,11.0,8.0,21.0,3.0,13.0,0.0,26.0,2550.0,2433.0,2317.0,2198.0,2120.0,2061.0
Madrid Sur,PALOMERAS BAJAS,PUENTE DE VALLECAS,40.3765775542,-3.65534800367,269.0,265.0,267.0,269.0,262.0,0.0,18.0,2.0,36.0,6.0,34.0,0.0,18.0,0.0,27.0,2550.0,2433.0,2317.0,2198.0,2120.0,2061.0
Palomeras Bajas,PALOMERAS BAJAS,PUENTE DE VALLECAS,40.3791948487,-3.66086304264,298.0,300.0,298.0,302.0,299.0,5.0,10.0,3.0,14.0,8.0,22.0,4.0,29.0,1.0,19.0,2550.0,2433.0,2317.0,2198.0,2120.0,2061.0
Antonio Fontan,EL GOLOSO,FUENCARRAL-EL PARDO,40.5115782907,-3.69381806927,0.0,36.0,108.0,184.0,265.0,,,2.0,2.0,12.0,12.0,6.0,9.0,8.0,20.0,1391.0,1558.0,1793.0,2033.0,2193.0,2392.0
Príncipe de Asturias,EL GOLOSO,FUENCARRAL-EL PARDO,40.5415687934,-3.69681982425,296.0,292.0,297.0,293.0,294.0,6.0,16.0,3.0,15.0,6.0,31.0,3.0,34.0,3.0,20.0,1391.0,1558.0,1793.0,2033.0,2193.0,2392.0
Antonio Machado,BUENAVISTA,CARABANCHEL,40.3674254868,-3.75419755204,398.0,399.0,402.0,381.0,374.0,11.0,12.0,6.0,6.0,9.0,12.0,1.0,3.0,5.0,6.0,3151.0,3396.0,3651.0,3794.0,4005.0,4182.0
Maestro Padilla,BUENAVISTA,CARABANCHEL,40.3626409159,-3.74737215976,0.0,43.0,146.0,248.0,353.0,,,3.0,3.0,2.0,7.0,2.0,9.0,6.0,26.0,3151.0,3396.0,3651.0,3794.0,4005.0,4182.0
Pinar de San José,BUENAVISTA,CARABANCHEL,40.3630163806,-3.76435955979,586.0,636.0,614.0,612.0,622.0,8.0,16.0,19.0,22.0,6.0,12.0,7.0,13.0,1.0,4.0,3151.0,3396.0,3651.0,3794.0,4005.0,4182.0
República Dominicana,BUENAVISTA,CARABANCHEL,40.3762854322,-3.75219951661,144.0,141.0,143.0,133.0,142.0,4.0,4.0,4.0,5.0,2.0,4.0,0.0,1.0,0.0,3.0,3151.0,3396.0,3651.0,3794.0,4005.0,4182.0
Antonio Moreno Rosales,EMBAJADORES,CENTRO,40.4114705985,-3.70127479953,106.0,93.0,96.0,91.0,98.0,1.0,1.0,1.0,1.0,3.0,3.0,1.0,1.0,1.0,1.0,1361.0,1422.0,1503.0,1512.0,1498.0,1462.0
Emilia Pardo Bazán,EMBAJADORES,CENTRO,40.4067780349,-3.70552769637,97.0,97.0,106.0,110.0,129.0,4.0,4.0,5.0,5.0,2.0,6.0,1.0,4.0,5.0,9.0,1361.0,1422.0,1503.0,1512.0,1498.0,1462.0
Santa María,EMBAJADORES,CENTRO,40.406129867,-3.7069233554,120.0,124.0,124.0,125.0,137.0,2.0,2.0,3.0,4.0,8.0,9.0,3.0,3.0,2.0,7.0,1361.0,1422.0,1503.0,1512.0,1498.0,1462.0
Antonio de Nebrija,LOS ROSALES,VILLAVERDE,40.3518668309,-3.68618470745,432.0,404.0,420.0,424.0,437.0,13.0,13.0,5.0,5.0,6.0,10.0,0.0,6.0,6.0,11.0,2387.0,2401.0,2401.0,2426.0,2412.0,2312.0
El Espinillo,LOS ROSALES,VILLAVERDE,40.3615724122,-3.69327885016,462.0,470.0,490.0,489.0,492.0,1.0,14.0,0.0,11.0,1.0,15.0,1.0,17.0,0.0,17.0,2387.0,2401.0,2401.0,2426.0,2412.0,2312.0
Juan de la Cierva,LOS ROSALES,VILLAVERDE,40.3544360092,-3.69046192373,630.0,638.0,621.0,605.0,612.0,12.0,30.0,6.0,22.0,1.0,23.0,0.0,27.0,0.0,29.0,2387.0,2401.0,2401.0,2426.0,2412.0,2312.0
Aragón,PALOMERAS SURESTE,PUENTE DE VALLECAS,40.3924439301,-3.63737994091,125.0,117.0,112.0,110.0,111.0,,,1.0,1.0,7.0,7.0,0.0,0.0,5.0,5.0,2240.0,2253.0,2269.0,2300.0,2280.0,2248.0
Asturias,PALOMERAS SURESTE,PUENTE DE VALLECAS,40.3831086034,-3.64260522525,253.0,249.0,262.0,279.0,271.0,11.0,12.0,8.0,9.0,9.0,9.0,1.0,1.0,4.0,9.0,2240.0,2253.0,2269.0,2300.0,2280.0,2248.0
Carlos Sáinz de los Terreros,PALOMERAS SURESTE,PUENTE DE VALLECAS,40.3848131304,-3.6390280932,270.0,277.0,269.0,268.0,268.0,7.0,10.0,13.0,13.0,11.0,13.0,3.0,3.0,4.0,6.0,2240.0,2253.0,2269.0,2300.0,2280.0,2248.0
Concha Espina,PALOMERAS SURESTE,PUENTE DE VALLECAS,40.3857768278,-3.64395011918,179.0,169.0,153.0,143.0,153.0,0.0,1.0,2.0,2.0,3.0,3.0,2.0,5.0,2.0,2.0,2240.0,2253.0,2269.0,2300.0,2280.0,2248.0
Doctor Tolosa Latour,PALOMERAS SURESTE,PUENTE DE VALLECAS,40.3820038126,-3.64200568094,298.0,289.0,315.0,321.0,315.0,5.0,13.0,6.0,9.0,6.0,8.0,1.0,6.0,1.0,6.0,2240.0,2253.0,2269.0,2300.0,2280.0,2248.0
La Rioja,PALOMERAS SURESTE,PUENTE DE VALLECAS,40.3881486289,-3.63700955081,293.0,289.0,283.0,284.0,270.0,6.0,7.0,5.0,7.0,6.0,15.0,0.0,4.0,8.0,13.0,2240.0,2253.0,2269.0,2300.0,2280.0,2248.0
Aravaca,ARAVACA,MONCLOA-ARAVACA,40.4605761984,-3.78570374621,107.0,107.0,107.0,107.0,107.0,6.0,7.0,6.0,6.0,6.0,6.0,5.0,5.0,2.0,2.0,2309.0,2296.0,2236.0,2184.0,2116.0,2074.0
Rosa Luxemburgo,ARAVACA,MONCLOA-ARAVACA,40.4500318182,-3.77157115262,282.0,303.0,296.0,288.0,297.0,11.0,19.0,18.0,18.0,10.0,12.0,8.0,11.0,5.0,9.0,2309.0,2296.0,2236.0,2184.0,2116.0,2074.0
Arcipreste de Hita,ABRANTES,CARABANCHEL,40.3848159912,-3.72557425211,140.0,142.0,138.0,139.0,145.0,1.0,9.0,2.0,4.0,4.0,9.0,5.0,7.0,3.0,9.0,1771.0,1860.0,1954.0,2071.0,2173.0,2117.0
Gonzalo de Berceo,ABRANTES,CARABANCHEL,40.3847122148,-3.72200338627,302.0,304.0,306.0,305.0,305.0,4.0,14.0,1.0,8.0,1.0,13.0,1.0,10.0,0.0,11.0,1771.0,1860.0,1954.0,2071.0,2173.0,2117.0
Julián Besteiro,ABRANTES,CARABANCHEL,40.3805927414,-3.72812068068,373.0,381.0,358.0,337.0,319.0,15.0,23.0,10.0,12.0,6.0,12.0,1.0,7.0,0.0,12.0,1771.0,1860.0,1954.0,2071.0,2173.0,2117.0
San Ignacio de Loyola,ABRANTES,CARABANCHEL,40.3848491071,-3.72172209471,151.0,150.0,150.0,152.0,150.0,2.0,23.0,2.0,13.0,3.0,14.0,1.0,17.0,0.0,9.0,1771.0,1860.0,1954.0,2071.0,2173.0,2117.0
Arquitecto Gaudí,NUEVA ESPAÑA,CHAMARTIN,40.465418281,-3.66906777282,220.0,209.0,202.0,210.0,213.0,15.0,15.0,9.0,9.0,6.0,6.0,17.0,17.0,19.0,22.0,1320.0,1329.0,1393.0,1454.0,1479.0,1595.0
Isaac Albéniz,NUEVA ESPAÑA,CHAMARTIN,40.4642287544,-3.66912674106,85.0,82.0,84.0,99.0,115.0,3.0,3.0,3.0,3.0,6.0,6.0,5.0,5.0,9.0,12.0,1320.0,1329.0,1393.0,1454.0,1479.0,1595.0
San Juan de la Cruz,NUEVA ESPAÑA,CHAMARTIN,40.459537376,-3.67954186336,97.0,101.0,112.0,102.0,114.0,4.0,4.0,6.0,6.0,5.0,5.0,4.0,4.0,6.0,6.0,1320.0,1329.0,1393.0,1454.0,1479.0,1595.0
Asunción Rincón,VALLEHERMOSO,CHAMBERI,40.4399159612,-3.71096772599,302.0,299.0,287.0,280.0,277.0,6.0,10.0,6.0,12.0,6.0,9.0,6.0,13.0,3.0,6.0,896.0,864.0,870.0,835.0,864.0,880.0
Claudio Moyano,VALLEHERMOSO,CHAMBERI,40.4389650923,-3.70883535886,131.0,129.0,146.0,140.0,146.0,7.0,7.0,5.0,6.0,7.0,7.0,0.0,1.0,1.0,1.0,896.0,864.0,870.0,835.0,864.0,880.0
Ausias March,BUTARQUE,VILLAVERDE,40.3443934612,-3.67474671423,71.0,139.0,228.0,305.0,391.0,,,5.0,5.0,5.0,7.0,0.0,8.0,2.0,14.0,1278.0,1473.0,1653.0,1808.0,1936.0,2072.0
El Greco,BUTARQUE,VILLAVERDE,40.3454822012,-3.67498127964,494.0,580.0,634.0,661.0,641.0,6.0,18.0,6.0,26.0,8.0,22.0,3.0,13.0,0.0,19.0,1278.0,1473.0,1653.0,1808.0,1936.0,2072.0
Los Rosales,BUTARQUE,VILLAVERDE,40.351753905,-3.67783463445,285.0,275.0,305.0,326.0,336.0,8.0,8.0,1.0,3.0,4.0,4.0,2.0,5.0,4.0,7.0,1278.0,1473.0,1653.0,1808.0,1936.0,2072.0
Azorín,SAN CRISTOBAL,VILLAVERDE,40.3429068882,-3.68700051544,155.0,148.0,158.0,151.0,143.0,1.0,4.0,8.0,10.0,2.0,4.0,2.0,5.0,1.0,2.0,1001.0,1049.0,1104.0,1111.0,1100.0,1125.0
Navas de Tolosa,SAN CRISTOBAL,VILLAVERDE,40.3443404473,-3.68529600432,291.0,310.0,282.0,255.0,260.0,2.0,3.0,6.0,6.0,3.0,3.0,0.0,2.0,2.0,3.0,1001.0,1049.0,1104.0,1111.0,1100.0,1125.0
Ramón Gómez de la Serna,SAN CRISTOBAL,VILLAVERDE,40.3396932754,-3.68958164226,307.0,313.0,283.0,288.0,285.0,6.0,17.0,1.0,17.0,4.0,27.0,16.0,27.0,4.0,28.0,1001.0,1049.0,1104.0,1111.0,1100.0,1125.0
Sagunto,SAN CRISTOBAL,VILLAVERDE,40.3411624956,-3.68491063157,272.0,273.0,286.0,288.0,300.0,6.0,6.0,11.0,11.0,6.0,6.0,1.0,1.0,9.0,19.0,1001.0,1049.0,1104.0,1111.0,1100.0,1125.0
Barcelona,LOS ANGELES,VILLAVERDE,40.358410237,-3.696273094,281.0,255.0,287.0,285.0,311.0,8.0,8.0,7.0,7.0,10.0,11.0,6.0,15.0,0.0,7.0,1423.0,1429.0,1448.0,1487.0,1498.0,1491.0
Ciudad de Córdoba,LOS ANGELES,VILLAVERDE,40.3625193482,-3.69761089632,265.0,283.0,268.0,270.0,271.0,9.0,12.0,8.0,10.0,3.0,5.0,5.0,7.0,0.0,8.0,1423.0,1429.0,1448.0,1487.0,1498.0,1491.0
Ciudad de los Ángeles,LOS ANGELES,VILLAVERDE,40.3556455956,-3.69607978656,616.0,621.0,601.0,599.0,596.0,12.0,23.0,7.0,23.0,10.0,23.0,10.0,25.0,2.0,15.0,1423.0,1429.0,1448.0,1487.0,1498.0,1491.0
República de El Salvador,LOS ANGELES,VILLAVERDE,40.3494991115,-3.69794772807,93.0,113.0,110.0,121.0,139.0,2.0,2.0,6.0,6.0,1.0,2.0,0.0,0.0,1.0,1.0,1423.0,1429.0,1448.0,1487.0,1498.0,1491.0
Blas de Lezo,VALVERDE,FUENCARRAL-EL PARDO,40.509734261,-3.6704522713,,,,,,,,,,,,,,,,3919.0,4312.0,4790.0,5169.0,5600.0,6012.0
Gabriela Mistral,VALVERDE,FUENCARRAL-EL PARDO,40.5077420613,-3.66755252701,374.0,378.0,366.0,344.0,325.0,17.0,26.0,7.0,17.0,7.0,12.0,9.0,22.0,1.0,16.0,3919.0,4312.0,4790.0,5169.0,5600.0,6012.0
Josep Tarradellas,VALVERDE,FUENCARRAL-EL PARDO,40.509734261,-3.6704522713,63.0,144.0,262.0,401.0,526.0,4.0,4.0,18.0,18.0,17.0,17.0,8.0,18.0,1.0,17.0,3919.0,4312.0,4790.0,5169.0,5600.0,6012.0
José Bergamín,VALVERDE,FUENCARRAL-EL PARDO,40.4955109998,-3.69604807948,79.0,71.0,61.0,63.0,67.0,,,,,2.0,2.0,0.0,0.0,1.0,1.0,3919.0,4312.0,4790.0,5169.0,5600.0,6012.0
Leopoldo Calvo Sotelo,VALVERDE,FUENCARRAL-EL PARDO,40.5008331676,-3.67514332164,244.0,345.0,462.0,588.0,714.0,13.0,14.0,9.0,9.0,23.0,26.0,13.0,17.0,9.0,25.0,3919.0,4312.0,4790.0,5169.0,5600.0,6012.0
República de Paraguay,VALVERDE,FUENCARRAL-EL PARDO,40.4919481614,-3.69526785667,107.0,105.0,115.0,116.0,114.0,2.0,2.0,3.0,5.0,0.0,0.0,0.0,0.0,1.0,2.0,3919.0,4312.0,4790.0,5169.0,5600.0,6012.0
Vasco Núñez de Balboa,VALVERDE,FUENCARRAL-EL PARDO,40.4993973636,-3.68642288628,52.0,53.0,62.0,63.0,68.0,1.0,1.0,3.0,3.0,2.0,2.0,2.0,2.0,,,3919.0,4312.0,4790.0,5169.0,5600.0,6012.0
Blas de Otero,SANTA EUGENIA,VILLA DE VALLECAS,40.3812477378,-3.61196925642,341.0,325.0,336.0,353.0,364.0,2.0,7.0,3.0,8.0,5.0,5.0,4.0,5.0,4.0,7.0,1193.0,1150.0,1132.0,1113.0,1092.0,1060.0
Ciudad de Valencia,SANTA EUGENIA,VILLA DE VALLECAS,40.3852605362,-3.60440650397,630.0,644.0,657.0,624.0,632.0,8.0,21.0,3.0,10.0,12.0,17.0,7.0,9.0,6.0,12.0,1193.0,1150.0,1132.0,1113.0,1092.0,1060.0
Ángel Nieto,SANTA EUGENIA,VILLA DE VALLECAS,40.3815111,-3.6146222,,,,,,,,,,,,,,,,1193.0,1150.0,1132.0,1113.0,1092.0,1060.0
Bolivia,LUCERO,LATINA,40.4076340722,-3.74987314286,137.0,128.0,117.0,133.0,133.0,2.0,3.0,3.0,3.0,8.0,8.0,0.0,0.0,7.0,9.0,1842.0,1849.0,1826.0,1841.0,1764.0,1730.0
Breogán,LA PAZ,FUENCARRAL-EL PARDO,40.4754095229,-3.70242329481,291.0,284.0,296.0,280.0,281.0,13.0,18.0,9.0,13.0,16.0,27.0,6.0,8.0,3.0,10.0,1258.0,1226.0,1231.0,1245.0,1246.0,1324.0
Camilo José Cela,LA PAZ,FUENCARRAL-EL PARDO,40.4775644016,-3.70065251973,258.0,258.0,279.0,278.0,291.0,14.0,15.0,6.0,10.0,5.0,6.0,6.0,10.0,6.0,10.0,1258.0,1226.0,1231.0,1245.0,1246.0,1324.0
Complejo Escolar Príncipe Felipe,LA PAZ,FUENCARRAL-EL PARDO,40.4802198707,-3.7010104733,188.0,201.0,206.0,204.0,198.0,8.0,12.0,3.0,14.0,18.0,50.0,8.0,48.0,24.0,42.0,1258.0,1226.0,1231.0,1245.0,1246.0,1324.0
Lorenzo Luzuriaga,LA PAZ,FUENCARRAL-EL PARDO,40.4866486266,-3.70160832091,262.0,262.0,268.0,262.0,275.0,4.0,4.0,12.0,13.0,2.0,3.0,12.0,13.0,1.0,7.0,1258.0,1226.0,1231.0,1245.0,1246.0,1324.0
Rabindranath Tagore,LA PAZ,FUENCARRAL-EL PARDO,40.483097533,-3.69590803716,239.0,225.0,235.0,244.0,261.0,6.0,11.0,6.0,10.0,7.0,8.0,1.0,2.0,6.0,17.0,1258.0,1226.0,1231.0,1245.0,1246.0,1324.0
Calderón de la Barca,TIMON,BARAJAS,40.470708109,-3.58402092685,264.0,263.0,267.0,284.0,293.0,1.0,1.0,10.0,10.0,11.0,14.0,7.0,12.0,5.0,8.0,673.0,681.0,701.0,739.0,773.0,841.0
Margaret Thatcher,TIMON,BARAJAS,40.4704771976,-3.590459755,,0.0,0.0,0.0,24.0,,,,,,,,,5.0,5.0,673.0,681.0,701.0,739.0,773.0,841.0
Capitán Cortés,PUERTA BONITA,CARABANCHEL,40.3809134774,-3.74285000113,294.0,298.0,306.0,307.0,289.0,10.0,11.0,2.0,13.0,6.0,14.0,3.0,16.0,3.0,26.0,1864.0,1928.0,1995.0,1976.0,2000.0,1942.0
Isaac Peral,PUERTA BONITA,CARABANCHEL,40.386295805,-3.7309272123,288.0,288.0,292.0,317.0,305.0,4.0,9.0,15.0,21.0,7.0,20.0,4.0,15.0,2.0,13.0,1864.0,1928.0,1995.0,1976.0,2000.0,1942.0
República de Colombia,PUERTA BONITA,CARABANCHEL,40.3759860732,-3.7371297831,142.0,147.0,132.0,133.0,138.0,2.0,2.0,0.0,4.0,2.0,6.0,5.0,12.0,3.0,11.0,1864.0,1928.0,1995.0,1976.0,2000.0,1942.0
Cardenal Herrera Oria,EL PILAR,FUENCARRAL-EL PARDO,40.4826088139,-3.7110758224,444.0,427.0,432.0,432.0,425.0,31.0,36.0,21.0,26.0,15.0,26.0,1.0,11.0,3.0,11.0,1666.0,1662.0,1716.0,1735.0,1805.0,1819.0
Jorge Guillén,EL PILAR,FUENCARRAL-EL PARDO,40.4753142252,-3.7077074438,196.0,166.0,171.0,169.0,152.0,3.0,3.0,0.0,1.0,1.0,2.0,1.0,8.0,4.0,7.0,1666.0,1662.0,1716.0,1735.0,1805.0,1819.0
Luis de Góngora,EL PILAR,FUENCARRAL-EL PARDO,40.4745973035,-3.71441244598,160.0,156.0,145.0,135.0,145.0,4.0,4.0,4.0,4.0,1.0,1.0,0.0,1.0,1.0,3.0,1666.0,1662.0,1716.0,1735.0,1805.0,1819.0
Carlos V,SAN PASCUAL,CIUDAD LINEAL,40.4372409871,-3.65440389423,227.0,214.0,236.0,241.0,254.0,10.0,10.0,5.0,5.0,6.0,6.0,1.0,1.0,9.0,9.0,857.0,850.0,866.0,841.0,886.0,866.0
Méjico (México),SAN PASCUAL,CIUDAD LINEAL,40.4434865151,-3.65080904918,93.0,88.0,99.0,109.0,110.0,9.0,9.0,3.0,3.0,5.0,5.0,4.0,4.0,5.0,5.0,857.0,850.0,866.0,841.0,886.0,866.0
Carmen Cabezuelo,SIMANCAS,SAN BLAS-CANILLEJAS,40.4301126077,-3.62883450607,127.0,138.0,157.0,154.0,149.0,5.0,8.0,8.0,8.0,12.0,12.0,3.0,9.0,0.0,1.0,1476.0,1561.0,1642.0,1692.0,1728.0,1751.0
República de Chile,SIMANCAS,SAN BLAS-CANILLEJAS,40.4280985248,-3.62478391987,219.0,193.0,193.0,186.0,175.0,5.0,5.0,2.0,4.0,7.0,8.0,2.0,2.0,1.0,3.0,1476.0,1561.0,1642.0,1692.0,1728.0,1751.0
Cervantes,RIOS ROSAS,CHAMBERI,40.4466126402,-3.70311394849,129.0,141.0,143.0,152.0,146.0,6.0,6.0,9.0,9.0,9.0,9.0,6.0,6.0,7.0,7.0,1040.0,1068.0,1127.0,1112.0,1154.0,1139.0
Ciudad Pegaso,REJAS,SAN BLAS-CANILLEJAS,40.447240094,-3.59802748849,300.0,291.0,295.0,298.0,296.0,0.0,10.0,4.0,6.0,1.0,9.0,1.0,4.0,1.0,5.0,869.0,978.0,1113.0,1225.0,1303.0,1371.0
Ciudad de Guadalajara,ALAMEDA DE OSUNA,BARAJAS,40.4589474631,-3.58479185547,320.0,329.0,337.0,362.0,345.0,3.0,15.0,6.0,15.0,5.0,13.0,5.0,30.0,0.0,13.0,1296.0,1321.0,1332.0,1333.0,1374.0,1326.0
Ciudad de Zaragoza,ALAMEDA DE OSUNA,BARAJAS,40.4603021513,-3.59121986967,640.0,644.0,657.0,646.0,638.0,13.0,26.0,11.0,13.0,13.0,25.0,8.0,20.0,6.0,27.0,1296.0,1321.0,1332.0,1333.0,1374.0,1326.0
Ciudad de Jaén,ORCASUR,USERA,40.3725784823,-3.70126017556,441.0,430.0,427.0,431.0,416.0,6.0,13.0,12.0,15.0,11.0,17.0,5.0,14.0,3.0,14.0,915.0,903.0,886.0,896.0,857.0,831.0
Ciudad de Roma,ESTRELLA,RETIRO,40.4158639493,-3.66520562619,354.0,328.0,361.0,358.0,359.0,7.0,11.0,4.0,6.0,0.0,5.0,3.0,11.0,0.0,12.0,1123.0,1109.0,1154.0,1170.0,1172.0,1158.0
Conde de Romanones,QUINTANA,CIUDAD LINEAL,40.4374798611,-3.64233263817,183.0,180.0,174.0,167.0,179.0,7.0,7.0,14.0,14.0,8.0,8.0,2.0,4.0,1.0,3.0,985.0,1021.0,1050.0,1053.0,1042.0,1057.0
Cristóbal Colón,SAN ANDRES,VILLAVERDE,40.3503508,-3.70605797468,354.0,379.0,408.0,422.0,461.0,2.0,9.0,0.0,7.0,1.0,7.0,0.0,12.0,0.0,13.0,2596.0,2637.0,2716.0,2764.0,2800.0,2837.0
Dámaso Alonso,SAN ANDRES,VILLAVERDE,40.3460447139,-3.70895673021,158.0,160.0,154.0,153.0,152.0,6.0,8.0,4.0,5.0,3.0,10.0,3.0,12.0,2.0,5.0,2596.0,2637.0,2716.0,2764.0,2800.0,2837.0
Manuel de Falla,SAN ANDRES,VILLAVERDE,40.3462549882,-3.70550895275,163.0,160.0,150.0,149.0,157.0,2.0,6.0,2.0,6.0,6.0,12.0,4.0,10.0,2.0,5.0,2596.0,2637.0,2716.0,2764.0,2800.0,2837.0
Nuestra Señora de la Luz,SAN ANDRES,VILLAVERDE,40.3436597271,-3.70561142986,139.0,126.0,137.0,136.0,149.0,1.0,1.0,0.0,0.0,5.0,5.0,1.0,2.0,1.0,3.0,2596.0,2637.0,2716.0,2764.0,2800.0,2837.0
San Carlos,SAN ANDRES,VILLAVERDE,40.344022214,-3.71114912043,270.0,272.0,273.0,272.0,289.0,4.0,6.0,11.0,11.0,9.0,13.0,2.0,4.0,2.0,6.0,2596.0,2637.0,2716.0,2764.0,2800.0,2837.0
San Roque,SAN ANDRES,VILLAVERDE,40.3468636797,-3.70319566344,164.0,173.0,159.0,146.0,143.0,3.0,3.0,2.0,3.0,3.0,5.0,2.0,3.0,1.0,2.0,2596.0,2637.0,2716.0,2764.0,2800.0,2837.0
Daniel Vázquez Díaz,VALDEZARZA,MONCLOA-ARAVACA,40.4647771119,-3.71302269425,138.0,149.0,152.0,154.0,154.0,2.0,2.0,2.0,2.0,3.0,21.0,1.0,20.0,0.0,14.0,1360.0,1378.0,1409.0,1404.0,1372.0,1357.0
Escuelas Bosque,VALDEZARZA,MONCLOA-ARAVACA,40.4589873398,-3.71253688173,287.0,295.0,302.0,300.0,293.0,6.0,13.0,8.0,16.0,11.0,15.0,4.0,13.0,2.0,17.0,1360.0,1378.0,1409.0,1404.0,1372.0,1357.0
Eugenio María de Hostos,VALDEZARZA,MONCLOA-ARAVACA,40.4691620845,-3.71777571781,228.0,243.0,287.0,321.0,319.0,9.0,11.0,6.0,12.0,9.0,11.0,4.0,8.0,7.0,8.0,1360.0,1378.0,1409.0,1404.0,1372.0,1357.0
Lepanto,VALDEZARZA,MONCLOA-ARAVACA,40.4684390227,-3.72104730287,289.0,292.0,294.0,296.0,290.0,2.0,6.0,0.0,3.0,2.0,3.0,0.0,4.0,0.0,6.0,1360.0,1378.0,1409.0,1404.0,1372.0,1357.0
Dionisio Ridruejo,PINAR DEL REY,HORTALEZA,40.4730183544,-3.63454315614,143.0,125.0,128.0,125.0,125.0,1.0,2.0,5.0,5.0,1.0,1.0,2.0,4.0,2.0,3.0,2490.0,2535.0,2584.0,2539.0,2557.0,2514.0
Filósofo Séneca,PINAR DEL REY,HORTALEZA,40.478381552,-3.6502374704,109.0,107.0,111.0,120.0,132.0,1.0,1.0,4.0,4.0,3.0,3.0,6.0,6.0,1.0,1.0,2490.0,2535.0,2584.0,2539.0,2557.0,2514.0
Hortaleza,PINAR DEL REY,HORTALEZA,40.4724406572,-3.647738241,,,,,,,,,,,,,,,,2490.0,2535.0,2584.0,2539.0,2557.0,2514.0
Pablo Picasso,PINAR DEL REY,HORTALEZA,40.4707862667,-3.64715611626,315.0,343.0,365.0,372.0,366.0,7.0,11.0,3.0,15.0,8.0,13.0,0.0,7.0,2.0,12.0,2490.0,2535.0,2584.0,2539.0,2557.0,2514.0
Pinar del Rey,PINAR DEL REY,HORTALEZA,40.4716202449,-3.65424206261,255.0,280.0,269.0,292.0,291.0,6.0,6.0,12.0,12.0,8.0,8.0,8.0,9.0,10.0,11.0,2490.0,2535.0,2584.0,2539.0,2557.0,2514.0
San Miguel,PINAR DEL REY,HORTALEZA,40.4744063898,-3.65222821453,113.0,128.0,116.0,125.0,131.0,5.0,5.0,11.0,11.0,5.0,7.0,5.0,5.0,4.0,5.0,2490.0,2535.0,2584.0,2539.0,2557.0,2514.0
Doctor Conde Arruga,VINATEROS,MORATALAZ,40.4038241047,-3.64357997378,218.0,215.0,238.0,265.0,292.0,4.0,15.0,4.0,12.0,6.0,10.0,3.0,8.0,1.0,2.0,703.0,712.0,753.0,735.0,763.0,782.0
Pío Baroja,VINATEROS,MORATALAZ,40.4035400189,-3.63794419299,241.0,240.0,252.0,261.0,262.0,6.0,6.0,14.0,14.0,8.0,10.0,2.0,4.0,8.0,10.0,703.0,712.0,753.0,735.0,763.0,782.0
Doctor Federico Rubio,BELLAS VISTAS,TETUAN,40.4524271206,-3.71134722929,111.0,122.0,119.0,116.0,132.0,3.0,3.0,4.0,4.0,2.0,2.0,1.0,1.0,4.0,4.0,1244.0,1307.0,1337.0,1383.0,1364.0,1294.0
Ignacio Zuloaga,BELLAS VISTAS,TETUAN,40.4562549638,-3.71150553745,246.0,251.0,242.0,244.0,265.0,13.0,13.0,11.0,11.0,3.0,3.0,1.0,3.0,12.0,15.0,1244.0,1307.0,1337.0,1383.0,1364.0,1294.0
Doctor Severo Ochoa,AMBROZ,VICALVARO,40.4103110308,-3.61368210619,346.0,323.0,315.0,310.0,289.0,8.0,10.0,6.0,9.0,10.0,11.0,4.0,8.0,1.0,2.0,897.0,919.0,969.0,1002.0,1054.0,1070.0
Vicálvaro,AMBROZ,VICALVARO,40.4050257574,-3.60109491852,303.0,288.0,291.0,284.0,278.0,6.0,8.0,3.0,5.0,2.0,4.0,1.0,2.0,5.0,7.0,897.0,919.0,969.0,1002.0,1054.0,1070.0
EEUU - Huarte de San Juan,CASA DE CAMPO,MONCLOA-ARAVACA,40.4287017947,-3.73370855742,76.0,89.0,84.0,82.0,97.0,2.0,2.0,20.0,20.0,5.0,5.0,1.0,1.0,2.0,2.0,578.0,555.0,522.0,494.0,464.0,437.0
Fernández de Moratín,CASA DE CAMPO,MONCLOA-ARAVACA,40.4267332186,-3.72730948445,262.0,242.0,232.0,232.0,227.0,7.0,9.0,5.0,5.0,5.0,5.0,5.0,5.0,4.0,4.0,578.0,555.0,522.0,494.0,464.0,437.0
El Madroño,NUMANCIA,PUENTE DE VALLECAS,40.4022043001,-3.65448872295,112.0,123.0,120.0,116.0,117.0,4.0,4.0,2.0,2.0,5.0,5.0,2.0,2.0,2.0,3.0,2298.0,2301.0,2341.0,2375.0,2372.0,2366.0
Fray Junípero Serra,NUMANCIA,PUENTE DE VALLECAS,40.3953095453,-3.65815724393,332.0,307.0,315.0,310.0,308.0,5.0,9.0,8.0,16.0,10.0,27.0,10.0,18.0,13.0,18.0,2298.0,2301.0,2341.0,2375.0,2372.0,2366.0
El Sol,ARCOS,SAN BLAS-CANILLEJAS,40.4239973823,-3.61168458648,580.0,573.0,531.0,514.0,493.0,8.0,13.0,13.0,18.0,7.0,7.0,17.0,21.0,12.0,15.0,1809.0,1802.0,1775.0,1643.0,1563.0,1528.0
María Moliner,ARCOS,SAN BLAS-CANILLEJAS,40.4221740208,-3.6191180462,430.0,421.0,423.0,406.0,386.0,14.0,15.0,8.0,11.0,6.0,6.0,12.0,13.0,5.0,5.0,1809.0,1802.0,1775.0,1643.0,1563.0,1528.0
República de Panamá nº 1,ARCOS,SAN BLAS-CANILLEJAS,40.4262269,-3.6172453,123.0,134.0,131.0,121.0,136.0,2.0,2.0,4.0,6.0,0.0,0.0,1.0,1.0,3.0,6.0,1809.0,1802.0,1775.0,1643.0,1563.0,1528.0
Ermita del Santo,PUERTA DEL ANGEL,LATINA,40.4109198479,-3.72340306876,290.0,283.0,278.0,287.0,287.0,3.0,3.0,8.0,10.0,12.0,15.0,4.0,9.0,7.0,19.0,1827.0,1819.0,1863.0,1854.0,1910.0,1838.0
Francisco de Goya,PUERTA DEL ANGEL,LATINA,40.4111896128,-3.72779034086,115.0,103.0,120.0,122.0,129.0,6.0,6.0,3.0,3.0,11.0,11.0,2.0,2.0,2.0,4.0,1827.0,1819.0,1863.0,1854.0,1910.0,1838.0
Joaquín Dicenta,PUERTA DEL ANGEL,LATINA,40.4056359339,-3.738384162,115.0,111.0,117.0,113.0,123.0,,,3.0,3.0,3.0,3.0,1.0,1.0,,,1827.0,1819.0,1863.0,1854.0,1910.0,1838.0
Escuelas Aguirre,NIÑO JESUS,RETIRO,40.4145497025,-3.67435086048,308.0,307.0,305.0,303.0,298.0,4.0,9.0,7.0,14.0,6.0,22.0,4.0,15.0,3.0,14.0,813.0,800.0,815.0,840.0,817.0,857.0
Esperanza,CANILLAS,HORTALEZA,40.4614426338,-3.64578080791,249.0,261.0,268.0,273.0,280.0,7.0,7.0,9.0,9.0,8.0,10.0,4.0,7.0,10.0,17.0,1918.0,1899.0,1918.0,1902.0,1881.0,1865.0
Garcilaso de la Vega,CANILLAS,HORTALEZA,40.4669937289,-3.63410898756,266.0,267.0,258.0,287.0,285.0,11.0,11.0,2.0,2.0,4.0,6.0,9.0,10.0,9.0,11.0,1918.0,1899.0,1918.0,1902.0,1881.0,1865.0
Luis Cernuda,CANILLAS,HORTALEZA,40.4613154044,-3.65398874536,159.0,161.0,152.0,131.0,133.0,5.0,8.0,6.0,6.0,9.0,10.0,1.0,2.0,2.0,2.0,1918.0,1899.0,1918.0,1902.0,1881.0,1865.0
Ramón Pérez de Ayala,CANILLAS,HORTALEZA,40.4663499004,-3.63323005426,177.0,161.0,157.0,163.0,186.0,7.0,7.0,2.0,4.0,1.0,6.0,1.0,7.0,1.0,1.0,1918.0,1899.0,1918.0,1902.0,1881.0,1865.0
Felipe II,ALMENARA,TETUAN,40.4729057017,-3.69934183889,128.0,115.0,112.0,114.0,126.0,3.0,3.0,2.0,2.0,4.0,5.0,3.0,3.0,,,1040.0,1024.0,981.0,975.0,992.0,1014.0
Pío XII,ALMENARA,TETUAN,40.466938595,-3.69388929191,230.0,225.0,231.0,226.0,246.0,27.0,36.0,25.0,28.0,13.0,18.0,16.0,20.0,20.0,23.0,1040.0,1024.0,981.0,975.0,992.0,1014.0
Fernando el Católico,ARAPILES,CHAMBERI,40.4341036895,-3.70973929433,127.0,137.0,163.0,183.0,207.0,3.0,3.0,5.0,6.0,8.0,8.0,6.0,6.0,7.0,8.0,941.0,929.0,939.0,920.0,921.0,924.0
San Cristóbal,ARAPILES,CHAMBERI,40.4374332991,-3.70445676126,200.0,218.0,247.0,254.0,244.0,3.0,3.0,4.0,4.0,8.0,9.0,13.0,15.0,4.0,5.0,941.0,929.0,939.0,920.0,921.0,924.0
Fontarrón,PAVONES,MORATALAZ,40.3951135128,-3.63357557022,272.0,265.0,279.0,264.0,259.0,9.0,12.0,5.0,6.0,6.0,8.0,6.0,6.0,3.0,3.0,532.0,544.0,531.0,475.0,478.0,447.0
Martínez Montañés,PAVONES,MORATALAZ,40.4019135421,-3.63391036022,179.0,173.0,164.0,154.0,141.0,1.0,2.0,7.0,7.0,4.0,9.0,3.0,5.0,4.0,5.0,532.0,544.0,531.0,475.0,478.0,447.0
Francisco Ruano,ENTREVIAS,PUENTE DE VALLECAS,40.3800856374,-3.6735476485,137.0,144.0,143.0,138.0,127.0,8.0,11.0,3.0,6.0,5.0,10.0,0.0,4.0,3.0,3.0,1920.0,1874.0,1888.0,1907.0,1867.0,1882.0
García Morente,ENTREVIAS,PUENTE DE VALLECAS,40.3733664858,-3.66548252495,87.0,92.0,88.0,78.0,71.0,4.0,4.0,10.0,10.0,6.0,6.0,,,,,1920.0,1874.0,1888.0,1907.0,1867.0,1882.0
Giner de los Ríos,ENTREVIAS,PUENTE DE VALLECAS,40.3795294712,-3.66847650353,264.0,272.0,264.0,256.0,234.0,8.0,9.0,5.0,7.0,7.0,10.0,4.0,5.0,4.0,5.0,1920.0,1874.0,1888.0,1907.0,1867.0,1882.0
José María de Pereda,ENTREVIAS,PUENTE DE VALLECAS,40.3818346187,-3.67488452639,148.0,134.0,120.0,121.0,119.0,1.0,1.0,1.0,1.0,4.0,5.0,0.0,1.0,4.0,8.0,1920.0,1874.0,1888.0,1907.0,1867.0,1882.0
Manuel Núñez de Arenas,ENTREVIAS,PUENTE DE VALLECAS,40.3752528307,-3.66174334696,110.0,88.0,73.0,85.0,106.0,,,2.0,2.0,1.0,1.0,1.0,1.0,15.0,15.0,1920.0,1874.0,1888.0,1907.0,1867.0,1882.0
Padre Mariana,ENTREVIAS,PUENTE DE VALLECAS,40.377035594,-3.67130262626,128.0,138.0,141.0,147.0,141.0,2.0,4.0,11.0,13.0,3.0,10.0,3.0,4.0,0.0,7.0,1920.0,1874.0,1888.0,1907.0,1867.0,1882.0
Francisco de Luis,MEDIA LEGUA,MORATALAZ,40.4088380164,-3.66029256578,74.0,88.0,97.0,97.0,100.0,2.0,2.0,5.0,5.0,3.0,3.0,0.0,0.0,1.0,1.0,771.0,781.0,774.0,803.0,755.0,739.0
Regimiento Inmemorial del Rey,MEDIA LEGUA,MORATALAZ,40.4073860721,-3.65739096778,265.0,225.0,205.0,182.0,182.0,5.0,7.0,4.0,5.0,5.0,7.0,1.0,3.0,10.0,10.0,771.0,781.0,774.0,803.0,755.0,739.0
Francisco de Quevedo,PACIFICO,RETIRO,40.4047276921,-3.67933210662,95.0,85.0,90.0,97.0,106.0,2.0,2.0,2.0,2.0,5.0,5.0,4.0,4.0,0.0,1.0,1403.0,1410.0,1378.0,1329.0,1328.0,1291.0
San Isidoro,PACIFICO,RETIRO,40.4065086717,-3.6813417079,137.0,132.0,135.0,151.0,152.0,2.0,3.0,0.0,2.0,0.0,0.0,1.0,2.0,4.0,4.0,1403.0,1410.0,1378.0,1329.0,1328.0,1291.0
Gandhi,PUEBLO NUEVO,CIUDAD LINEAL,40.4237462616,-3.63650827804,169.0,164.0,154.0,143.0,151.0,,,3.0,3.0,0.0,5.0,2.0,4.0,1.0,2.0,2936.0,2871.0,2928.0,2875.0,2881.0,2935.0
Miguel Blasco Vilatela,PUEBLO NUEVO,CIUDAD LINEAL,40.4293465714,-3.63218728824,299.0,293.0,321.0,318.0,336.0,7.0,17.0,15.0,19.0,9.0,13.0,3.0,15.0,6.0,16.0,2936.0,2871.0,2928.0,2875.0,2881.0,2935.0
Gloria Fuertes,ORCASITAS,USERA,40.3693116288,-3.70513683701,200.0,193.0,190.0,184.0,190.0,,,,,9.0,11.0,1.0,4.0,1.0,10.0,1503.0,1580.0,1675.0,1750.0,1738.0,1757.0
Meseta de Orcasitas,ORCASITAS,USERA,40.371945354,-3.71052379889,434.0,443.0,453.0,432.0,453.0,2.0,11.0,6.0,15.0,9.0,11.0,2.0,11.0,0.0,7.0,1503.0,1580.0,1675.0,1750.0,1738.0,1757.0
Puerto Rico,ORCASITAS,USERA,40.3679444994,-3.71939806383,288.0,309.0,306.0,313.0,317.0,0.0,12.0,0.0,14.0,2.0,16.0,1.0,15.0,0.0,13.0,1503.0,1580.0,1675.0,1750.0,1738.0,1757.0
Gonzalo Fernández de Córdoba,CAMPAMENTO,LATINA,40.394142137,-3.77929874527,247.0,270.0,285.0,300.0,294.0,5.0,5.0,7.0,7.0,1.0,6.0,0.0,12.0,2.0,14.0,833.0,860.0,905.0,936.0,923.0,922.0
Hermanos Pinzón,CAMPAMENTO,LATINA,40.3985817859,-3.76880347321,220.0,219.0,231.0,250.0,248.0,5.0,5.0,2.0,2.0,6.0,6.0,4.0,4.0,3.0,3.0,833.0,860.0,905.0,936.0,923.0,922.0
La Dehesa del Príncipe,CAMPAMENTO,LATINA,40.379772095,-3.79395296851,244.0,241.0,272.0,271.0,264.0,5.0,5.0,4.0,6.0,6.0,9.0,4.0,5.0,2.0,2.0,833.0,860.0,905.0,936.0,923.0,922.0
Guindalera,GUINDALERA,SALAMANCA,40.4372859977,-3.66702022908,174.0,180.0,218.0,214.0,235.0,13.0,13.0,10.0,10.0,14.0,14.0,12.0,12.0,11.0,14.0,1697.0,1715.0,1745.0,1722.0,1696.0,1744.0
Gustavo Adolfo Bécquer,VENTAS,CIUDAD LINEAL,40.4240189223,-3.64904175678,294.0,293.0,283.0,284.0,278.0,5.0,9.0,6.0,10.0,7.0,11.0,4.0,4.0,2.0,2.0,2101.0,2139.0,2152.0,2168.0,2106.0,2077.0
Leopoldo Alas,VENTAS,CIUDAD LINEAL,40.4282464576,-3.65343253071,237.0,233.0,230.0,245.0,261.0,7.0,8.0,8.0,8.0,4.0,4.0,8.0,8.0,6.0,6.0,2101.0,2139.0,2152.0,2168.0,2106.0,2077.0
San Juan Bosco,VENTAS,CIUDAD LINEAL,40.4196837828,-3.6525599142,142.0,135.0,144.0,139.0,141.0,3.0,6.0,3.0,4.0,5.0,5.0,4.0,4.0,1.0,1.0,2101.0,2139.0,2152.0,2168.0,2106.0,2077.0
Haití,VISTA ALEGRE,CARABANCHEL,40.3860711818,-3.74634688688,434.0,394.0,396.0,419.0,415.0,10.0,17.0,8.0,8.0,15.0,15.0,8.0,10.0,4.0,9.0,2067.0,2055.0,2086.0,2157.0,2176.0,2148.0
Parque Eugenia de Montijo,VISTA ALEGRE,CARABANCHEL,40.3783744698,-3.75236411272,144.0,141.0,152.0,151.0,148.0,0.0,1.0,1.0,2.0,3.0,9.0,1.0,5.0,2.0,3.0,2067.0,2055.0,2086.0,2157.0,2176.0,2148.0
Infanta Leonor,MIRASIERRA,FUENCARRAL-EL PARDO,40.4996695214,-3.7114329556,399.0,431.0,461.0,481.0,471.0,7.0,15.0,3.0,12.0,2.0,11.0,0.0,27.0,0.0,5.0,2470.0,2373.0,2354.0,2339.0,2482.0,2593.0
Mirasierra,MIRASIERRA,FUENCARRAL-EL PARDO,40.4911390355,-3.7141984472,415.0,410.0,410.0,429.0,430.0,9.0,9.0,19.0,21.0,13.0,13.0,17.0,22.0,14.0,33.0,2470.0,2373.0,2354.0,2339.0,2482.0,2593.0
Isabel la Católica,JUSTICIA,CENTRO,40.4266422154,-3.69972299491,230.0,248.0,261.0,268.0,287.0,14.0,14.0,21.0,21.0,17.0,17.0,8.0,15.0,3.0,13.0,527.0,530.0,574.0,554.0,521.0,502.0
Jaime Balmes,SAN DIEGO,PUENTE DE VALLECAS,40.3879037094,-3.67076251537,281.0,275.0,270.0,279.0,290.0,5.0,12.0,13.0,15.0,10.0,20.0,9.0,20.0,2.0,19.0,1993.0,2088.0,2195.0,2227.0,2276.0,2251.0
Jaime Vera,CUATRO CAMINOS,TETUAN,40.4524784135,-3.70296280762,310.0,308.0,286.0,275.0,281.0,4.0,4.0,7.0,7.0,3.0,4.0,4.0,7.0,3.0,6.0,1312.0,1304.0,1306.0,1287.0,1279.0,1322.0
Joaquín Costa,IMPERIAL,ARGANZUELA,40.4055513538,-3.71456576736,931.0,952.0,966.0,946.0,940.0,27.0,27.0,45.0,54.0,2.0,48.0,0.0,31.0,0.0,12.0,1130.0,1102.0,1084.0,1080.0,1065.0,1059.0
Marqués de Marcenado,IMPERIAL,ARGANZUELA,40.4103704921,-3.72048608485,103.0,99.0,103.0,122.0,129.0,6.0,6.0,4.0,4.0,9.0,9.0,4.0,4.0,4.0,4.0,1130.0,1102.0,1084.0,1080.0,1065.0,1059.0
Tomás Bretón,IMPERIAL,ARGANZUELA,40.4010658346,-3.71586173703,308.0,310.0,311.0,307.0,310.0,2.0,9.0,6.0,15.0,1.0,11.0,0.0,8.0,2.0,19.0,1130.0,1102.0,1084.0,1080.0,1065.0,1059.0
Joaquín Turina,COSTILLARES,CIUDAD LINEAL,40.4806412425,-3.66632834447,113.0,103.0,96.0,82.0,94.0,4.0,4.0,0.0,0.0,5.0,5.0,4.0,4.0,3.0,3.0,1637.0,1631.0,1570.0,1497.0,1442.0,1373.0
Jorge Manrique,MOSCARDO,USERA,40.3881085852,-3.71037551829,310.0,289.0,290.0,299.0,309.0,6.0,11.0,3.0,10.0,1.0,8.0,3.0,9.0,1.0,10.0,1176.0,1178.0,1256.0,1297.0,1299.0,1250.0
Juan Sebastián Elcano,MOSCARDO,USERA,40.3890438232,-3.70476527262,294.0,283.0,297.0,300.0,308.0,3.0,9.0,4.0,10.0,8.0,13.0,5.0,13.0,0.0,13.0,1176.0,1178.0,1256.0,1297.0,1299.0,1250.0
José Calvo Sotelo,ADELFAS,RETIRO,40.4008413127,-3.6737662524,390.0,387.0,396.0,420.0,428.0,21.0,27.0,8.0,12.0,7.0,17.0,18.0,30.0,2.0,20.0,878.0,865.0,878.0,904.0,915.0,923.0
José Ortega y Gasset,CASTILLEJOS,TETUAN,40.4616034174,-3.69420002964,430.0,446.0,418.0,409.0,431.0,37.0,37.0,18.0,31.0,16.0,16.0,6.0,13.0,11.0,39.0,616.0,620.0,640.0,668.0,656.0,706.0
Juan Ramón Jiménez,VALDEACEDERAS,TETUAN,40.4632785625,-3.70322872272,122.0,129.0,113.0,119.0,129.0,6.0,6.0,6.0,6.0,3.0,3.0,1.0,2.0,0.0,3.0,1148.0,1174.0,1221.0,1204.0,1266.0,1276.0
Julián Marías,ROSAS,SAN BLAS-CANILLEJAS,40.4271443275,-3.60257676981,469.0,477.0,465.0,441.0,448.0,2.0,9.0,7.0,18.0,5.0,14.0,2.0,11.0,5.0,15.0,3455.0,3333.0,3152.0,2908.0,2641.0,2355.0
Mariano José de Larra,ROSAS,SAN BLAS-CANILLEJAS,40.4306153281,-3.60897403379,413.0,413.0,421.0,429.0,439.0,2.0,14.0,7.0,14.0,6.0,11.0,6.0,10.0,5.0,19.0,3455.0,3333.0,3152.0,2908.0,2641.0,2355.0
Álvaro de Bazan,ROSAS,SAN BLAS-CANILLEJAS,40.4215433105,-3.60724192162,394.0,464.0,518.0,518.0,496.0,11.0,14.0,4.0,14.0,6.0,11.0,4.0,20.0,6.0,16.0,3455.0,3333.0,3152.0,2908.0,2641.0,2355.0
La Alameda,CANILLEJAS,SAN BLAS-CANILLEJAS,40.437537235,-3.60841158119,196.0,212.0,215.0,216.0,227.0,4.0,4.0,4.0,4.0,10.0,10.0,1.0,1.0,,,1350.0,1394.0,1411.0,1442.0,1444.0,1431.0
Padre Coloma,CANILLEJAS,SAN BLAS-CANILLEJAS,40.4484849631,-3.61489005717,132.0,153.0,162.0,154.0,161.0,5.0,5.0,2.0,4.0,7.0,11.0,1.0,5.0,0.0,10.0,1350.0,1394.0,1411.0,1442.0,1444.0,1431.0
Legado Crespo,ACACIAS,ARGANZUELA,40.4048058643,-3.70391614612,173.0,163.0,149.0,137.0,139.0,10.0,12.0,2.0,5.0,7.0,13.0,6.0,12.0,9.0,11.0,1646.0,1594.0,1554.0,1485.0,1448.0,1420.0
San Eugenio y San Isidro,ACACIAS,ARGANZUELA,40.4021347158,-3.70316947249,278.0,278.0,289.0,299.0,291.0,7.0,11.0,3.0,8.0,4.0,7.0,1.0,4.0,2.0,4.0,1646.0,1594.0,1554.0,1485.0,1448.0,1420.0
Lope de Vega,SAN ISIDRO,CARABANCHEL,40.3946054626,-3.7232402249,230.0,231.0,254.0,252.0,289.0,8.0,8.0,8.0,8.0,4.0,4.0,2.0,4.0,,,1897.0,1928.0,1994.0,2031.0,1996.0,1987.0
Miguel Servet,SAN ISIDRO,CARABANCHEL,40.3940963714,-3.73680878654,294.0,301.0,320.0,303.0,306.0,4.0,18.0,12.0,19.0,9.0,31.0,0.0,12.0,3.0,22.0,1897.0,1928.0,1994.0,2031.0,1996.0,1987.0
Luis Bello,PROSPERIDAD,CHAMARTIN,40.4436806015,-3.67354527263,98.0,100.0,104.0,113.0,100.0,3.0,3.0,4.0,4.0,0.0,0.0,0.0,0.0,6.0,6.0,1412.0,1412.0,1445.0,1453.0,1460.0,1518.0
Manuel Sáinz de Vicuña,MARROQUINA,MORATALAZ,40.4094369606,-3.64998593265,442.0,446.0,439.0,441.0,440.0,10.0,13.0,21.0,30.0,4.0,16.0,10.0,12.0,10.0,19.0,1404.0,1323.0,1268.0,1161.0,1126.0,1099.0
Pasamonte,MARROQUINA,MORATALAZ,40.4122677609,-3.64803308855,278.0,281.0,290.0,292.0,298.0,10.0,10.0,9.0,9.0,15.0,15.0,18.0,19.0,3.0,6.0,1404.0,1323.0,1268.0,1161.0,1126.0,1099.0
Marcelo Usera,ALMENDRALES,USERA,40.3871562007,-3.69960873366,150.0,147.0,160.0,163.0,157.0,2.0,2.0,6.0,6.0,7.0,7.0,2.0,4.0,0.0,3.0,1161.0,1174.0,1191.0,1249.0,1227.0,1194.0
Nuestra Señora de la Fuencisla,ALMENDRALES,USERA,40.3802003664,-3.69825268858,264.0,277.0,304.0,288.0,301.0,4.0,11.0,10.0,14.0,3.0,18.0,2.0,13.0,0.0,11.0,1161.0,1174.0,1191.0,1249.0,1227.0,1194.0
Marqués de Suanzes,EL SALVADOR,SAN BLAS-CANILLEJAS,40.4430907873,-3.62455717055,460.0,469.0,462.0,441.0,437.0,6.0,25.0,12.0,21.0,2.0,11.0,1.0,14.0,9.0,14.0,763.0,685.0,623.0,565.0,538.0,481.0
Menéndez Pelayo,PALOS DE MOGUER,ARGANZUELA,40.4055751031,-3.69139669544,327.0,266.0,291.0,305.0,286.0,10.0,10.0,0.0,4.0,12.0,14.0,9.0,9.0,2.0,8.0,914.0,945.0,982.0,1005.0,988.0,915.0
Menéndez Pidal,FONTARRON,MORATALAZ,40.4005402439,-3.64115651744,205.0,179.0,160.0,147.0,154.0,3.0,3.0,4.0,5.0,5.0,5.0,1.0,1.0,7.0,11.0,740.0,745.0,770.0,772.0,831.0,868.0
Real Armada,FONTARRON,MORATALAZ,40.4017049241,-3.64556313171,373.0,343.0,330.0,293.0,283.0,14.0,14.0,7.0,7.0,10.0,13.0,9.0,9.0,3.0,8.0,740.0,745.0,770.0,772.0,831.0,868.0
Miguel de Unamuno,DELICIAS,ARGANZUELA,40.3942833118,-3.69347283089,564.0,561.0,570.0,570.0,571.0,15.0,30.0,8.0,16.0,12.0,24.0,13.0,19.0,8.0,19.0,1391.0,1445.0,1467.0,1467.0,1523.0,1482.0
Monte de El Pardo,EL PARDO,FUENCARRAL-EL PARDO,40.5171572686,-3.7742643107,128.0,132.0,131.0,137.0,143.0,1.0,1.0,6.0,6.0,3.0,3.0,1.0,1.0,1.0,2.0,129.0,127.0,130.0,123.0,149.0,159.0
Méndez Núñez,APOSTOL SANTIAGO,HORTALEZA,40.4789769486,-3.65963430597,93.0,83.0,87.0,88.0,95.0,9.0,9.0,5.0,5.0,5.0,5.0,7.0,7.0,3.0,3.0,852.0,844.0,798.0,780.0,740.0,702.0
Nuestra Señora de la Almudena,IBIZA,RETIRO,40.4190156144,-3.67787272233,158.0,144.0,151.0,162.0,169.0,5.0,5.0,8.0,8.0,1.0,2.0,7.0,8.0,4.0,5.0,893.0,925.0,929.0,977.0,989.0,957.0
Nuestra Señora de la Concepción,CONCEPCION,CIUDAD LINEAL,40.4371484214,-3.65005228804,156.0,134.0,133.0,130.0,118.0,5.0,6.0,7.0,7.0,5.0,6.0,6.0,6.0,5.0,5.0,953.0,980.0,981.0,987.0,988.0,998.0
San Benito,CONCEPCION,CIUDAD LINEAL,40.4442650726,-3.6469252698,117.0,117.0,151.0,179.0,194.0,6.0,8.0,6.0,6.0,6.0,8.0,6.0,6.0,0.0,1.0,953.0,980.0,981.0,987.0,988.0,998.0
Nuestra Señora de la Paloma,PALACIO,CENTRO,40.4110845197,-3.71138315098,280.0,284.0,300.0,287.0,286.0,20.0,22.0,6.0,10.0,10.0,16.0,7.0,20.0,1.0,9.0,752.0,779.0,790.0,754.0,718.0,698.0
San Ildefonso,PALACIO,CENTRO,40.4130796824,-3.71217027214,142.0,141.0,132.0,141.0,140.0,3.0,5.0,5.0,6.0,3.0,11.0,3.0,5.0,4.0,5.0,752.0,779.0,790.0,754.0,718.0,698.0
Vázquez de Mella,PALACIO,CENTRO,40.4120954295,-3.7139985335,139.0,140.0,119.0,119.0,131.0,4.0,4.0,3.0,7.0,3.0,7.0,5.0,7.0,5.0,6.0,752.0,779.0,790.0,754.0,718.0,698.0
Nuestra Señora del Lucero,LOS CARMENES,LATINA,40.4024206807,-3.74104766559,412.0,421.0,404.0,404.0,375.0,8.0,8.0,5.0,15.0,3.0,6.0,5.0,12.0,1.0,4.0,1025.0,1013.0,1028.0,1035.0,1024.0,989.0
República de Uruguay,LOS CARMENES,LATINA,40.3934735007,-3.74123236056,272.0,259.0,270.0,291.0,297.0,7.0,7.0,5.0,14.0,4.0,10.0,3.0,5.0,4.0,23.0,1025.0,1013.0,1028.0,1035.0,1024.0,989.0
Padre Poveda,CIUDAD JARDIN,CHAMARTIN,40.451218875,-3.66772403678,246.0,257.0,262.0,265.0,273.0,10.0,18.0,7.0,7.0,6.0,7.0,5.0,6.0,11.0,17.0,791.0,817.0,829.0,841.0,834.0,830.0
Palacio Valdés,CORTES,CENTRO,40.4105569975,-3.69292091402,105.0,106.0,102.0,105.0,111.0,4.0,4.0,3.0,3.0,1.0,1.0,1.0,1.0,4.0,4.0,313.0,305.0,303.0,304.0,282.0,248.0
Patriarca Obispo Eijo y Garay,EL VISO,CHAMARTIN,40.4396963472,-3.68161769683,108.0,128.0,141.0,155.0,153.0,2.0,2.0,7.0,7.0,7.0,12.0,7.0,9.0,6.0,9.0,812.0,815.0,821.0,821.0,843.0,847.0
Pintor Rosales,EL VISO,CHAMARTIN,40.4446237951,-3.67863696871,146.0,205.0,214.0,248.0,248.0,13.0,16.0,20.0,20.0,11.0,14.0,16.0,16.0,8.0,8.0,812.0,815.0,821.0,821.0,843.0,847.0
Ramiro de Maeztu,EL VISO,CHAMARTIN,40.442092981,-3.68614621528,467.0,487.0,503.0,500.0,488.0,16.0,64.0,14.0,63.0,6.0,67.0,3.0,64.0,0.0,65.0,812.0,815.0,821.0,821.0,843.0,847.0
Perú,COMILLAS,CARABANCHEL,40.3937935566,-3.71326316581,501.0,472.0,454.0,462.0,440.0,8.0,8.0,5.0,5.0,3.0,3.0,7.0,10.0,0.0,8.0,898.0,893.0,922.0,936.0,933.0,928.0
Concepción Arenal,COMILLAS,CARABANCHEL,40.3975884,-3.7149922,278.0,279.0,294.0,303.0,296.0,22.0,23.0,11.0,11.0,11.0,11.0,8.0,10.0,6.0,10.0,898.0,893.0,922.0,936.0,933.0,928.0
Pi I Margall,UNIVERSIDAD,CENTRO,40.4267928878,-3.70458150498,118.0,94.0,99.0,110.0,122.0,5.0,5.0,6.0,6.0,6.0,6.0,0.0,0.0,3.0,3.0,898.0,918.0,963.0,976.0,974.0,944.0
Portugal,ARGUELLES,MONCLOA-ARAVACA,40.4249186518,-3.71491214478,109.0,90.0,106.0,98.0,108.0,5.0,5.0,4.0,4.0,9.0,9.0,6.0,6.0,3.0,3.0,860.0,849.0,844.0,822.0,837.0,848.0
Pradolongo,ZOFIO,USERA,40.378930663,-3.71583943805,319.0,315.0,326.0,322.0,320.0,13.0,16.0,13.0,15.0,13.0,13.0,3.0,12.0,0.0,12.0,753.0,722.0,734.0,716.0,722.0,708.0
República de Venezuela,ZOFIO,USERA,40.3835840227,-3.71362671196,343.0,313.0,334.0,325.0,356.0,7.0,7.0,7.0,14.0,7.0,7.0,4.0,7.0,2.0,6.0,753.0,722.0,734.0,716.0,722.0,708.0
Reina Victoria,CASTELLANA,SALAMANCA,40.4335006079,-3.67966874739,263.0,261.0,274.0,273.0,280.0,7.0,15.0,10.0,10.0,8.0,8.0,1.0,11.0,2.0,10.0,672.0,659.0,694.0,707.0,719.0,727.0
República de Brasil,SAN FERMIN,USERA,40.3704393979,-3.6899302716,450.0,457.0,434.0,454.0,432.0,12.0,12.0,5.0,5.0,20.0,20.0,14.0,19.0,0.0,17.0,1703.0,1750.0,1791.0,1907.0,1895.0,1852.0
República de Ecuador,OPAÑEL,CARABANCHEL,40.387610836,-3.72525078822,316.0,272.0,320.0,331.0,324.0,6.0,9.0,9.0,11.0,9.0,13.0,5.0,16.0,2.0,17.0,1409.0,1458.0,1483.0,1476.0,1479.0,1491.0
Rufino Blanco,TRAFALGAR,CHAMBERI,40.4382112129,-3.70246046126,292.0,301.0,296.0,288.0,290.0,10.0,13.0,6.0,9.0,2.0,11.0,4.0,6.0,2.0,5.0,918.0,930.0,945.0,930.0,960.0,930.0
San Juan Bautista,SAN JUAN BAUTISTA,CIUDAD LINEAL,40.4511607163,-3.65902023952,350.0,347.0,333.0,314.0,312.0,3.0,28.0,0.0,33.0,0.0,22.0,0.0,24.0,0.0,26.0,812.0,780.0,756.0,737.0,716.0,738.0
Tirso de Molina,LEGAZPI,ARGANZUELA,40.3922430247,-3.68814969139,551.0,591.0,599.0,555.0,542.0,14.0,16.0,6.0,17.0,11.0,16.0,5.0,20.0,7.0,17.0,1212.0,1268.0,1291.0,1354.0,1368.0,1410.0
Plácido Domingo,ATOCHA,ARGANZUELA,40.3972934,-3.6781883,76.0,150.0,249.0,349.0,466.0,6.0,6.0,11.0,15.0,7.0,7.0,2.0,9.0,3.0,7.0,113.0,115.0,109.0,108.0,100.0,95.0
